formula,A,B1,B2,X,tolerance_factor,Eg,irA,rsA,rpA,rdA,XcA,eaA,ipA,hoalA,lualA,irB1,rsB1,rpB1,rdB1,XcB1,eaB1,ipB1,hoalB1,lualB1,irB2,rsB2,rpB2,rdB2,XcB2,eaB2,ipB2,hoalB2,lualB2,irX,rsX,rpX,rdX,XcX,eaX,ipX,hoalX,lualX
Cs2AlAgCl6,Cs,Ag,Al,Cl,0.960156034,2.236636,1.88,0.922,2.518,0,0.79,45.5,3.8939,12,13,1.28,1.286,0.462,0.536,1.93,125.6,7.5762,10,11,0.535,1.044,1.312,0,1.61,42.5,28.44765,5,6,1.81,0.66,0.725,0,3.16,349,12.96764,6,5
Cs2AlAgBr6,Cs,Ag,Al,Br,0.946918933,1.210029,1.88,0.922,2.518,0,0.79,45.5,3.8939,12,13,1.28,1.286,0.462,0.536,1.93,125.6,7.5762,10,11,0.535,1.044,1.312,0,1.61,42.5,28.44765,5,6,1.96,0.73,0.851,0.224,2.96,324.6,11.81381,9,8
Cs2AsAgCl6,Cs,Ag,As,Cl,0.952271541,1.254947,1.88,0.922,2.518,0,0.79,45.5,3.8939,12,13,1.28,1.286,0.462,0.536,1.93,125.6,7.5762,10,11,0.58,0.826,1.001,0.247,2.18,78,28.351,8,9,1.81,0.66,0.725,0,3.16,349,12.96764,6,5
Cs2AsAgBr6,Cs,Ag,As,Br,0.939546727,0.762618,1.88,0.922,2.518,0,0.79,45.5,3.8939,12,13,1.28,1.286,0.462,0.536,1.93,125.6,7.5762,10,11,0.58,0.826,1.001,0.247,2.18,78,28.351,8,9,1.96,0.73,0.851,0.224,2.96,324.6,11.81381,9,8
Cs2AgBiCl6,Cs,Ag,Bi,Cl,1.064989397,1.802331,1.88,0.922,2.518,0,0.79,45.5,3.8939,12,13,1.28,1.286,0.462,0.536,1.93,125.6,7.5762,10,11,0,0.963,1.295,0.542,2.02,91.2,25.559,15,16,1.81,0.66,0.725,0,3.16,349,12.96764,6,5
Cs2AgBiI6,Cs,Ag,Bi,I,1.015843545,0.80201,1.88,0.922,2.518,0,0.79,45.5,3.8939,12,13,1.28,1.286,0.462,0.536,1.93,125.6,7.5762,10,11,0,0.963,1.295,0.542,2.02,91.2,25.559,15,16,2.2,0.876,1.044,0.406,2.66,295.2,10.45126,12,11
Cs2AgBiBr6,Cs,Ag,Bi,Br,1.044342323,1.291934,1.88,0.922,2.518,0,0.79,45.5,3.8939,12,13,1.28,1.286,0.462,0.536,1.93,125.6,7.5762,10,11,0,0.963,1.295,0.542,2.02,91.2,25.559,15,16,1.96,0.73,0.851,0.224,2.96,324.6,11.81381,9,8
Cs2GaAgCl6,Cs,Ag,Ga,Cl,0.945371023,0.989034,1.88,0.922,2.518,0,0.79,45.5,3.8939,12,13,1.28,1.286,0.462,0.536,1.93,125.6,7.5762,10,11,0.62,0.96,0.298,0.276,1.81,28.9,30.71,8,9,1.81,0.66,0.725,0,3.16,349,12.96764,6,5
Cs2AgInCl6,Cs,Ag,In,Cl,0.915517201,1.010681,1.88,0.922,2.518,0,0.79,45.5,3.8939,12,13,1.28,1.286,0.462,0.536,1.93,125.6,7.5762,10,11,0.8,1.093,1.382,0.483,1.78,28.9,28.03,11,12,1.81,0.66,0.725,0,3.16,349,12.96764,6,5
Cs2PAgCl6,Cs,Ag,P,Cl,0.977237462,0.909918,1.88,0.922,2.518,0,0.79,45.5,3.8939,12,13,1.28,1.286,0.462,0.536,1.93,125.6,7.5762,10,11,0.44,0.803,0.919,0,2.19,71,30.2027,5,6,1.81,0.66,0.725,0,3.16,349,12.96764,6,5
Cs2PAgBr6,Cs,Ag,P,Br,0.962868808,0.472631,1.88,0.922,2.518,0,0.79,45.5,3.8939,12,13,1.28,1.286,0.462,0.536,1.93,125.6,7.5762,10,11,0.44,0.803,0.919,0,2.19,71,30.2027,5,6,1.96,0.73,0.851,0.224,2.96,324.6,11.81381,9,8
Cs2AgSbCl6,Cs,Ag,Sb,Cl,0.921987287,1.334388,1.88,0.922,2.518,0,0.79,45.5,3.8939,12,13,1.28,1.286,0.462,0.536,1.93,125.6,7.5762,10,11,0.76,0.969,1.193,0.44,2.05,103.2,25.3,11,12,1.81,0.66,0.725,0,3.16,349,12.96764,6,5
Cs2AgSbBr6,Cs,Ag,Sb,Br,0.911171154,0.827518,1.88,0.922,2.518,0,0.79,45.5,3.8939,12,13,1.28,1.286,0.462,0.536,1.93,125.6,7.5762,10,11,0.76,0.969,1.193,0.44,2.05,103.2,25.3,11,12,1.96,0.73,0.851,0.224,2.96,324.6,11.81381,9,8
Cs2ScAgCl6,Cs,Ag,Sc,Cl,0.924437209,3.239524,1.88,0.922,2.518,0,0.79,45.5,3.8939,12,13,1.28,1.286,0.462,0.536,1.93,125.6,7.5762,10,11,0.745,1.57,0.5,0.539,1.36,18.1,24.75666,7,8,1.81,0.66,0.725,0,3.16,349,12.96764,6,5
Cs2ScAgI6,Cs,Ag,Sc,I,0.898053126,2.040435,1.88,0.922,2.518,0,0.79,45.5,3.8939,12,13,1.28,1.286,0.462,0.536,1.93,125.6,7.5762,10,11,0.745,1.57,0.5,0.539,1.36,18.1,24.75666,7,8,2.2,0.876,1.044,0.406,2.66,295.2,10.45126,12,11
Cs2ScAgBr6,Cs,Ag,Sc,Br,0.913470156,2.72144,1.88,0.922,2.518,0,0.79,45.5,3.8939,12,13,1.28,1.286,0.462,0.536,1.93,125.6,7.5762,10,11,0.745,1.57,0.5,0.539,1.36,18.1,24.75666,7,8,1.96,0.73,0.851,0.224,2.96,324.6,11.81381,9,8
Cs2YAgCl6,Cs,Ag,Y,Cl,0.899732422,3.758064,1.88,0.922,2.518,0,0.79,45.5,3.8939,12,13,1.28,1.286,0.462,0.536,1.93,125.6,7.5762,10,11,0.9,1.693,0.646,0.865,1.22,29.6,20.52,10,11,1.81,0.66,0.725,0,3.16,349,12.96764,6,5
Cs2YAgI6,Cs,Ag,Y,I,0.876898379,2.512309,1.88,0.922,2.518,0,0.79,45.5,3.8939,12,13,1.28,1.286,0.462,0.536,1.93,125.6,7.5762,10,11,0.9,1.693,0.646,0.865,1.22,29.6,20.52,10,11,2.2,0.876,1.044,0.406,2.66,295.2,10.45126,12,11
Cs2YAgBr6,Cs,Ag,Y,Br,0.890259029,3.215399,1.88,0.922,2.518,0,0.79,45.5,3.8939,12,13,1.28,1.286,0.462,0.536,1.93,125.6,7.5762,10,11,0.9,1.693,0.646,0.865,1.22,29.6,20.52,10,11,1.96,0.73,0.851,0.224,2.96,324.6,11.81381,9,8
Cs2AuBiCl6,Cs,Au,Bi,Cl,1.045781171,0.616081,1.88,0.922,2.518,0,0.79,45.5,3.8939,12,13,1.37,1.187,0.51,0.634,2.54,222.8,9.2255,14,15,0,0.963,1.295,0.542,2.02,91.2,25.559,15,16,1.81,0.66,0.725,0,3.16,349,12.96764,6,5
Cs2ScAuCl6,Cs,Au,Sc,Cl,0.909929912,1.870166,1.88,0.922,2.518,0,0.79,45.5,3.8939,12,13,1.37,1.187,0.51,0.634,2.54,222.8,9.2255,14,15,0.745,1.57,0.5,0.539,1.36,18.1,24.75666,7,8,1.81,0.66,0.725,0,3.16,349,12.96764,6,5
Cs2ScAuI6,Cs,Au,Sc,I,0.885647173,1.059449,1.88,0.922,2.518,0,0.79,45.5,3.8939,12,13,1.37,1.187,0.51,0.634,2.54,222.8,9.2255,14,15,0.745,1.57,0.5,0.539,1.36,18.1,24.75666,7,8,2.2,0.876,1.044,0.406,2.66,295.2,10.45126,12,11
Cs2ScAuBr6,Cs,Au,Sc,Br,0.899847569,1.559538,1.88,0.922,2.518,0,0.79,45.5,3.8939,12,13,1.37,1.187,0.51,0.634,2.54,222.8,9.2255,14,15,0.745,1.57,0.5,0.539,1.36,18.1,24.75666,7,8,1.96,0.73,0.851,0.224,2.96,324.6,11.81381,9,8
Cs2YAuCl6,Cs,Au,Y,Cl,0.885984388,2.114347,1.88,0.922,2.518,0,0.79,45.5,3.8939,12,13,1.37,1.187,0.51,0.634,2.54,222.8,9.2255,14,15,0.9,1.693,0.646,0.865,1.22,29.6,20.52,10,11,1.81,0.66,0.725,0,3.16,349,12.96764,6,5
Cs2YAuI6,Cs,Au,Y,I,0.865066167,1.176587,1.88,0.922,2.518,0,0.79,45.5,3.8939,12,13,1.37,1.187,0.51,0.634,2.54,222.8,9.2255,14,15,0.9,1.693,0.646,0.865,1.22,29.6,20.52,10,11,2.2,0.876,1.044,0.406,2.66,295.2,10.45126,12,11
Cs2YAuBr6,Cs,Au,Y,Br,0.877315037,1.70308,1.88,0.922,2.518,0,0.79,45.5,3.8939,12,13,1.37,1.187,0.51,0.634,2.54,222.8,9.2255,14,15,0.9,1.693,0.646,0.865,1.22,29.6,20.52,10,11,1.96,0.73,0.851,0.224,2.96,324.6,11.81381,9,8
Cs2CaRuCl6,Cs,Ca,Ru,Cl,0.925256746,0.952437,1.88,0.922,2.518,0,0.79,45.5,3.8939,12,13,1.34,1.69,0.539,0,1,2.37,6.11316,6,7,0.68,1.41,0.515,0.622,2.2,101.3,28.47,10,11,1.81,0.66,0.725,0,3.16,349,12.96764,6,5
Cs2CaRuBr6,Cs,Ca,Ru,Br,0.914239071,0.667901,1.88,0.922,2.518,0,0.79,45.5,3.8939,12,13,1.34,1.69,0.539,0,1,2.37,6.11316,6,7,0.68,1.41,0.515,0.622,2.2,101.3,28.47,10,11,1.96,0.73,0.851,0.224,2.96,324.6,11.81381,9,8
Cs2AlCuCl6,Cs,Cu,Al,Cl,1.059583359,0.641622,1.88,0.922,2.518,0,0.79,45.5,3.8939,12,13,0.77,1.191,0.325,0.312,1.9,118.4,7.72638,7,8,0.535,1.044,1.312,0,1.61,42.5,28.44765,5,6,1.81,0.66,0.725,0,3.16,349,12.96764,6,5
Cs2CuAsCl6,Cs,Cu,As,Cl,1.049989546,0.54283,1.88,0.922,2.518,0,0.79,45.5,3.8939,12,13,0.77,1.191,0.325,0.312,1.9,118.4,7.72638,7,8,0.58,0.826,1.001,0.247,2.18,78,28.351,8,9,1.81,0.66,0.725,0,3.16,349,12.96764,6,5
Cs2CuBiCl6,Cs,Cu,Bi,Cl,1.188712539,0.923001,1.88,0.922,2.518,0,0.79,45.5,3.8939,12,13,0.77,1.191,0.325,0.312,1.9,118.4,7.72638,7,8,0,0.963,1.295,0.542,2.02,91.2,25.559,15,16,1.81,0.66,0.725,0,3.16,349,12.96764,6,5
Cs2CuBiBr6,Cs,Cu,Bi,Br,1.1579062,0.625517,1.88,0.922,2.518,0,0.79,45.5,3.8939,12,13,0.77,1.191,0.325,0.312,1.9,118.4,7.72638,7,8,0,0.963,1.295,0.542,2.02,91.2,25.559,15,16,1.96,0.73,0.851,0.224,2.96,324.6,11.81381,9,8
Cs2CuSbCl6,Cs,Cu,Sb,Cl,1.013290883,0.656349,1.88,0.922,2.518,0,0.79,45.5,3.8939,12,13,0.77,1.191,0.325,0.312,1.9,118.4,7.72638,7,8,0.76,0.969,1.193,0.44,2.05,103.2,25.3,11,12,1.81,0.66,0.725,0,3.16,349,12.96764,6,5
Cs2ScCuCl6,Cs,Cu,Sc,Cl,1.016250836,1.833585,1.88,0.922,2.518,0,0.79,45.5,3.8939,12,13,0.77,1.191,0.325,0.312,1.9,118.4,7.72638,7,8,0.745,1.57,0.5,0.539,1.36,18.1,24.75666,7,8,1.81,0.66,0.725,0,3.16,349,12.96764,6,5
Cs2ScCuI6,Cs,Cu,Sc,I,0.975484587,1.464804,1.88,0.922,2.518,0,0.79,45.5,3.8939,12,13,0.77,1.191,0.325,0.312,1.9,118.4,7.72638,7,8,0.745,1.57,0.5,0.539,1.36,18.1,24.75666,7,8,2.2,0.876,1.044,0.406,2.66,295.2,10.45126,12,11
Cs2ScCuBr6,Cs,Cu,Sc,Br,0.999186767,1.687355,1.88,0.922,2.518,0,0.79,45.5,3.8939,12,13,0.77,1.191,0.325,0.312,1.9,118.4,7.72638,7,8,0.745,1.57,0.5,0.539,1.36,18.1,24.75666,7,8,1.96,0.73,0.851,0.224,2.96,324.6,11.81381,9,8
Cs2CuYCl6,Cs,Cu,Y,Cl,0.986474111,2.465706,1.88,0.922,2.518,0,0.79,45.5,3.8939,12,13,0.77,1.191,0.325,0.312,1.9,118.4,7.72638,7,8,0.9,1.693,0.646,0.865,1.22,29.6,20.52,10,11,1.81,0.66,0.725,0,3.16,349,12.96764,6,5
Cs2CuYI6,Cs,Cu,Y,I,0.950575179,1.756031,1.88,0.922,2.518,0,0.79,45.5,3.8939,12,13,0.77,1.191,0.325,0.312,1.9,118.4,7.72638,7,8,0.9,1.693,0.646,0.865,1.22,29.6,20.52,10,11,2.2,0.876,1.044,0.406,2.66,295.2,10.45126,12,11
Cs2CuYBr6,Cs,Cu,Y,Br,0.971481231,2.144473,1.88,0.922,2.518,0,0.79,45.5,3.8939,12,13,0.77,1.191,0.325,0.312,1.9,118.4,7.72638,7,8,0.9,1.693,0.646,0.865,1.22,29.6,20.52,10,11,1.96,0.73,0.851,0.224,2.96,324.6,11.81381,9,8
Cs2AlCuCl6,Cs,Cu,Al,Cl,1.068259579,0.641622,1.88,0.922,2.518,0,0.79,45.5,3.8939,12,13,0.73,1.191,0.325,0.312,1.9,118.4,7.72638,7,8,0.535,1.044,1.312,0,1.61,42.5,28.44765,5,6,1.81,0.66,0.725,0,3.16,349,12.96764,6,5
Cs2CuAsCl6,Cs,Cu,As,Cl,1.058508731,0.54283,1.88,0.922,2.518,0,0.79,45.5,3.8939,12,13,0.73,1.191,0.325,0.312,1.9,118.4,7.72638,7,8,0.58,0.826,1.001,0.247,2.18,78,28.351,8,9,1.81,0.66,0.725,0,3.16,349,12.96764,6,5
Cs2CuBiCl6,Cs,Cu,Bi,Cl,1.199643229,0.923001,1.88,0.922,2.518,0,0.79,45.5,3.8939,12,13,0.73,1.191,0.325,0.312,1.9,118.4,7.72638,7,8,0,0.963,1.295,0.542,2.02,91.2,25.559,15,16,1.81,0.66,0.725,0,3.16,349,12.96764,6,5
Cs2CuBiBr6,Cs,Cu,Bi,Br,1.167866684,0.625517,1.88,0.922,2.518,0,0.79,45.5,3.8939,12,13,0.73,1.191,0.325,0.312,1.9,118.4,7.72638,7,8,0,0.963,1.295,0.542,2.02,91.2,25.559,15,16,1.96,0.73,0.851,0.224,2.96,324.6,11.81381,9,8
Cs2CuSbCl6,Cs,Cu,Sb,Cl,1.021222709,0.656349,1.88,0.922,2.518,0,0.79,45.5,3.8939,12,13,0.73,1.191,0.325,0.312,1.9,118.4,7.72638,7,8,0.76,0.969,1.193,0.44,2.05,103.2,25.3,11,12,1.81,0.66,0.725,0,3.16,349,12.96764,6,5
Cs2ScCuCl6,Cs,Cu,Sc,Cl,1.024229253,1.833585,1.88,0.922,2.518,0,0.79,45.5,3.8939,12,13,0.73,1.191,0.325,0.312,1.9,118.4,7.72638,7,8,0.745,1.57,0.5,0.539,1.36,18.1,24.75666,7,8,1.81,0.66,0.725,0,3.16,349,12.96764,6,5
Cs2ScCuI6,Cs,Cu,Sc,I,0.982126185,1.464804,1.88,0.922,2.518,0,0.79,45.5,3.8939,12,13,0.73,1.191,0.325,0.312,1.9,118.4,7.72638,7,8,0.745,1.57,0.5,0.539,1.36,18.1,24.75666,7,8,2.2,0.876,1.044,0.406,2.66,295.2,10.45126,12,11
Cs2ScCuBr6,Cs,Cu,Sc,Br,1.00659501,1.687355,1.88,0.922,2.518,0,0.79,45.5,3.8939,12,13,0.73,1.191,0.325,0.312,1.9,118.4,7.72638,7,8,0.745,1.57,0.5,0.539,1.36,18.1,24.75666,7,8,1.96,0.73,0.851,0.224,2.96,324.6,11.81381,9,8
Cs2CuYCl6,Cs,Cu,Y,Cl,0.993990104,2.465706,1.88,0.922,2.518,0,0.79,45.5,3.8939,12,13,0.73,1.191,0.325,0.312,1.9,118.4,7.72638,7,8,0.9,1.693,0.646,0.865,1.22,29.6,20.52,10,11,1.81,0.66,0.725,0,3.16,349,12.96764,6,5
Cs2CuYI6,Cs,Cu,Y,I,0.956880818,1.756031,1.88,0.922,2.518,0,0.79,45.5,3.8939,12,13,0.73,1.191,0.325,0.312,1.9,118.4,7.72638,7,8,0.9,1.693,0.646,0.865,1.22,29.6,20.52,10,11,2.2,0.876,1.044,0.406,2.66,295.2,10.45126,12,11
Cs2CuYBr6,Cs,Cu,Y,Br,0.978482897,2.144473,1.88,0.922,2.518,0,0.79,45.5,3.8939,12,13,0.73,1.191,0.325,0.312,1.9,118.4,7.72638,7,8,0.9,1.693,0.646,0.865,1.22,29.6,20.52,10,11,1.96,0.73,0.851,0.224,2.96,324.6,11.81381,9,8
Cs2AlTlCl6,Cs,Tl,Al,Cl,0.87046673,3.742092,1.88,0.922,2.518,0,0.79,45.5,3.8939,12,13,1.84,1.06,1.319,0.584,1.62,9.2,6.1082,15,16,0.535,1.044,1.312,0,1.61,42.5,28.44765,5,6,1.81,0.66,0.725,0,3.16,349,12.96764,6,5
Cs2AlTlI6,Cs,Tl,Al,I,0.851659238,1.525695,1.88,0.922,2.518,0,0.79,45.5,3.8939,12,13,1.84,1.06,1.319,0.584,1.62,9.2,6.1082,15,16,0.535,1.044,1.312,0,1.61,42.5,28.44765,5,6,2.2,0.876,1.044,0.406,2.66,295.2,10.45126,12,11
Cs2AlTlBr6,Cs,Tl,Al,Br,0.862681506,2.665001,1.88,0.922,2.518,0,0.79,45.5,3.8939,12,13,1.84,1.06,1.319,0.584,1.62,9.2,6.1082,15,16,0.535,1.044,1.312,0,1.61,42.5,28.44765,5,6,1.96,0.73,0.851,0.224,2.96,324.6,11.81381,9,8
Cs2AsTlCl6,Cs,Tl,As,Cl,0.863981464,1.466505,1.88,0.922,2.518,0,0.79,45.5,3.8939,12,13,1.84,1.06,1.319,0.584,1.62,9.2,6.1082,15,16,0.58,0.826,1.001,0.247,2.18,78,28.351,8,9,1.81,0.66,0.725,0,3.16,349,12.96764,6,5
Cs2AsTlI6,Cs,Tl,As,I,0.846039785,0.818272,1.88,0.922,2.518,0,0.79,45.5,3.8939,12,13,1.84,1.06,1.319,0.584,1.62,9.2,6.1082,15,16,0.58,0.826,1.001,0.247,2.18,78,28.351,8,9,2.2,0.876,1.044,0.406,2.66,295.2,10.45126,12,11
Cs2AsTlBr6,Cs,Tl,As,Br,0.856558372,0.974912,1.88,0.922,2.518,0,0.79,45.5,3.8939,12,13,1.84,1.06,1.319,0.584,1.62,9.2,6.1082,15,16,0.58,0.826,1.001,0.247,2.18,78,28.351,8,9,1.96,0.73,0.851,0.224,2.96,324.6,11.81381,9,8
Cs2TlBiCl6,Cs,Tl,Bi,Cl,0.955759715,1.947616,1.88,0.922,2.518,0,0.79,45.5,3.8939,12,13,1.84,1.06,1.319,0.584,1.62,9.2,6.1082,15,16,0,0.963,1.295,0.542,2.02,91.2,25.559,15,16,1.81,0.66,0.725,0,3.16,349,12.96764,6,5
Cs2TlBiI6,Cs,Tl,Bi,I,0.924678098,1.19652,1.88,0.922,2.518,0,0.79,45.5,3.8939,12,13,1.84,1.06,1.319,0.584,1.62,9.2,6.1082,15,16,0,0.963,1.295,0.542,2.02,91.2,25.559,15,16,2.2,0.876,1.044,0.406,2.66,295.2,10.45126,12,11
Cs2TlBiBr6,Cs,Tl,Bi,Br,0.942809042,1.412008,1.88,0.922,2.518,0,0.79,45.5,3.8939,12,13,1.84,1.06,1.319,0.584,1.62,9.2,6.1082,15,16,0,0.963,1.295,0.542,2.02,91.2,25.559,15,16,1.96,0.73,0.851,0.224,2.96,324.6,11.81381,9,8
Cs2CoTlCl6,Cs,Tl,Co,Cl,0.86901716,0.860913,1.88,0.922,2.518,0,0.79,45.5,3.8939,12,13,1.84,1.06,1.319,0.584,1.62,9.2,6.1082,15,16,0.545,1.181,0.355,0,1.88,118.4,33.5,7,8,1.81,0.66,0.725,0,3.16,349,12.96764,6,5
Cs2CoTlI6,Cs,Tl,Co,I,0.850404029,0.65346,1.88,0.922,2.518,0,0.79,45.5,3.8939,12,13,1.84,1.06,1.319,0.584,1.62,9.2,6.1082,15,16,0.545,1.181,0.355,0,1.88,118.4,33.5,7,8,2.2,0.876,1.044,0.406,2.66,295.2,10.45126,12,11
Cs2CoTlBr6,Cs,Tl,Co,Br,0.861313256,0.706823,1.88,0.922,2.518,0,0.79,45.5,3.8939,12,13,1.84,1.06,1.319,0.584,1.62,9.2,6.1082,15,16,0.545,1.181,0.355,0,1.88,118.4,33.5,7,8,1.96,0.73,0.851,0.224,2.96,324.6,11.81381,9,8
Cs2GaTlCl6,Cs,Tl,Ga,Cl,0.858297376,2.360962,1.88,0.922,2.518,0,0.79,45.5,3.8939,12,13,1.84,1.06,1.319,0.584,1.62,9.2,6.1082,15,16,0.62,0.96,0.298,0.276,1.81,28.9,30.71,8,9,1.81,0.66,0.725,0,3.16,349,12.96764,6,5
Cs2GaTlBr6,Cs,Tl,Ga,Br,0.8511881,1.376078,1.88,0.922,2.518,0,0.79,45.5,3.8939,12,13,1.84,1.06,1.319,0.584,1.62,9.2,6.1082,15,16,0.62,0.96,0.298,0.276,1.81,28.9,30.71,8,9,1.96,0.73,0.851,0.224,2.96,324.6,11.81381,9,8
Cs2InTlCl6,Cs,Tl,In,Cl,0.833617899,2.330854,1.88,0.922,2.518,0,0.79,45.5,3.8939,12,13,1.84,1.06,1.319,0.584,1.62,9.2,6.1082,15,16,0.8,1.093,1.382,0.483,1.78,28.9,28.03,11,12,1.81,0.66,0.725,0,3.16,349,12.96764,6,5
Cs2InTlI6,Cs,Tl,In,I,0.819601042,0.728783,1.88,0.922,2.518,0,0.79,45.5,3.8939,12,13,1.84,1.06,1.319,0.584,1.62,9.2,6.1082,15,16,0.8,1.093,1.382,0.483,1.78,28.9,28.03,11,12,2.2,0.876,1.044,0.406,2.66,295.2,10.45126,12,11
Cs2InTlBr6,Cs,Tl,In,Br,0.827832329,1.481819,1.88,0.922,2.518,0,0.79,45.5,3.8939,12,13,1.84,1.06,1.319,0.584,1.62,9.2,6.1082,15,16,0.8,1.093,1.382,0.483,1.78,28.9,28.03,11,12,1.96,0.73,0.851,0.224,2.96,324.6,11.81381,9,8
Cs2PTlCl6,Cs,Tl,P,Cl,0.88448272,1.127775,1.88,0.922,2.518,0,0.79,45.5,3.8939,12,13,1.84,1.06,1.319,0.584,1.62,9.2,6.1082,15,16,0.44,0.803,0.919,0,2.19,71,30.2027,5,6,1.81,0.66,0.725,0,3.16,349,12.96764,6,5
Cs2PTlI6,Cs,Tl,P,I,0.863771158,0.633672,1.88,0.922,2.518,0,0.79,45.5,3.8939,12,13,1.84,1.06,1.319,0.584,1.62,9.2,6.1082,15,16,0.44,0.803,0.919,0,2.19,71,30.2027,5,6,2.2,0.876,1.044,0.406,2.66,295.2,10.45126,12,11
Cs2PTlBr6,Cs,Tl,P,Br,0.875900013,0.777303,1.88,0.922,2.518,0,0.79,45.5,3.8939,12,13,1.84,1.06,1.319,0.584,1.62,9.2,6.1082,15,16,0.44,0.803,0.919,0,2.19,71,30.2027,5,6,1.96,0.73,0.851,0.224,2.96,324.6,11.81381,9,8
Cs2RhTlCl6,Cs,Tl,Rh,Cl,0.851991518,1.387096,1.88,0.922,2.518,0,0.79,45.5,3.8939,12,13,1.84,1.06,1.319,0.584,1.62,9.2,6.1082,15,16,0.665,1.364,0.496,0.589,2.28,109.7,31.06,10,11,1.81,0.66,0.725,0,3.16,349,12.96764,6,5
Cs2RhTlI6,Cs,Tl,Rh,I,0.835625103,1.053825,1.88,0.922,2.518,0,0.79,45.5,3.8939,12,13,1.84,1.06,1.319,0.584,1.62,9.2,6.1082,15,16,0.665,1.364,0.496,0.589,2.28,109.7,31.06,10,11,2.2,0.876,1.044,0.406,2.66,295.2,10.45126,12,11
Cs2RhTlBr6,Cs,Tl,Rh,Br,0.845226472,1.152501,1.88,0.922,2.518,0,0.79,45.5,3.8939,12,13,1.84,1.06,1.319,0.584,1.62,9.2,6.1082,15,16,0.665,1.364,0.496,0.589,2.28,109.7,31.06,10,11,1.96,0.73,0.851,0.224,2.96,324.6,11.81381,9,8
Cs2SbTlCl6,Cs,Tl,Sb,Cl,0.838978785,1.41519,1.88,0.922,2.518,0,0.79,45.5,3.8939,12,13,1.84,1.06,1.319,0.584,1.62,9.2,6.1082,15,16,0.76,0.969,1.193,0.44,2.05,103.2,25.3,11,12,1.81,0.66,0.725,0,3.16,349,12.96764,6,5
Cs2SbTlI6,Cs,Tl,Sb,I,0.824284476,0.739684,1.88,0.922,2.518,0,0.79,45.5,3.8939,12,13,1.84,1.06,1.319,0.584,1.62,9.2,6.1082,15,16,0.76,0.969,1.193,0.44,2.05,103.2,25.3,11,12,2.2,0.876,1.044,0.406,2.66,295.2,10.45126,12,11
Cs2SbTlBr6,Cs,Tl,Sb,Br,0.832911055,0.905224,1.88,0.922,2.518,0,0.79,45.5,3.8939,12,13,1.84,1.06,1.319,0.584,1.62,9.2,6.1082,15,16,0.76,0.969,1.193,0.44,2.05,103.2,25.3,11,12,1.96,0.73,0.851,0.224,2.96,324.6,11.81381,9,8
Cs2ScTlCl6,Cs,Tl,Sc,Cl,0.841006937,3.299663,1.88,0.922,2.518,0,0.79,45.5,3.8939,12,13,1.84,1.06,1.319,0.584,1.62,9.2,6.1082,15,16,0.745,1.57,0.5,0.539,1.36,18.1,24.75666,7,8,1.81,0.66,0.725,0,3.16,349,12.96764,6,5
Cs2ScTlI6,Cs,Tl,Sc,I,0.826054593,2.303389,1.88,0.922,2.518,0,0.79,45.5,3.8939,12,13,1.84,1.06,1.319,0.584,1.62,9.2,6.1082,15,16,0.745,1.57,0.5,0.539,1.36,18.1,24.75666,7,8,2.2,0.876,1.044,0.406,2.66,295.2,10.45126,12,11
Cs2ScTlBr6,Cs,Tl,Sc,Br,0.83483168,2.755112,1.88,0.922,2.518,0,0.79,45.5,3.8939,12,13,1.84,1.06,1.319,0.584,1.62,9.2,6.1082,15,16,0.745,1.57,0.5,0.539,1.36,18.1,24.75666,7,8,1.96,0.73,0.851,0.224,2.96,324.6,11.81381,9,8
Cs2YTlCl6,Cs,Tl,Y,Cl,0.820510699,4.044478,1.88,0.922,2.518,0,0.79,45.5,3.8939,12,13,1.84,1.06,1.319,0.584,1.62,9.2,6.1082,15,16,0.9,1.693,0.646,0.865,1.22,29.6,20.52,10,11,1.81,0.66,0.725,0,3.16,349,12.96764,6,5
Cs2YTlI6,Cs,Tl,Y,I,0.808122036,2.933384,1.88,0.922,2.518,0,0.79,45.5,3.8939,12,13,1.84,1.06,1.319,0.584,1.62,9.2,6.1082,15,16,0.9,1.693,0.646,0.865,1.22,29.6,20.52,10,11,2.2,0.876,1.044,0.406,2.66,295.2,10.45126,12,11
Cs2YTlBr6,Cs,Tl,Y,Br,0.815402414,3.452942,1.88,0.922,2.518,0,0.79,45.5,3.8939,12,13,1.84,1.06,1.319,0.584,1.62,9.2,6.1082,15,16,0.9,1.693,0.646,0.865,1.22,29.6,20.52,10,11,1.96,0.73,0.851,0.224,2.96,324.6,11.81381,9,8
Cs2CaBaCl6,Cs,Ba,Ca,Cl,0.8741119,5.052152,1.88,0.922,2.518,0,0.79,45.5,3.8939,12,13,1.35,2.06,0.869,0,0.89,13.95,10.004,13,12,1,1.69,0.539,0,1,2.37,11.871,7,6,1.81,0.66,0.725,0,3.16,349,12.96764,6,5
Cs2CaBaI6,Cs,Ba,Ca,I,0.854813531,3.667143,1.88,0.922,2.518,0,0.79,45.5,3.8939,12,13,1.35,2.06,0.869,0,0.89,13.95,10.004,13,12,1,1.69,0.539,0,1,2.37,11.871,7,6,2.2,0.876,1.044,0.406,2.66,295.2,10.45126,12,11
Cs2CaBaBr6,Cs,Ba,Ca,Br,0.866121225,4.283596,1.88,0.922,2.518,0,0.79,45.5,3.8939,12,13,1.35,2.06,0.869,0,0.89,13.95,10.004,13,12,1,1.69,0.539,0,1,2.37,11.871,7,6,1.96,0.73,0.851,0.224,2.96,324.6,11.81381,9,8
Cs2CdBaCl6,Cs,Ba,Cd,Cl,0.830963065,4.336226,1.88,0.922,2.518,0,0.79,45.5,3.8939,12,13,1.35,2.06,0.869,0,0.89,13.95,10.004,13,12,1.31,0.184,0.445,0.508,1.69,0,8.9938,10,11,1.81,0.66,0.725,0,3.16,349,12.96764,6,5
Cs2CdBaI6,Cs,Ba,Cd,I,0.817279226,2.314439,1.88,0.922,2.518,0,0.79,45.5,3.8939,12,13,1.35,2.06,0.869,0,0.89,13.95,10.004,13,12,1.31,0.184,0.445,0.508,1.69,0,8.9938,10,11,2.2,0.876,1.044,0.406,2.66,295.2,10.45126,12,11
Cs2CdBaBr6,Cs,Ba,Cd,Br,0.825316122,3.384686,1.88,0.922,2.518,0,0.79,45.5,3.8939,12,13,1.35,2.06,0.869,0,0.89,13.95,10.004,13,12,1.31,0.184,0.445,0.508,1.69,0,8.9938,10,11,1.96,0.73,0.851,0.224,2.96,324.6,11.81381,9,8
Cs2FeBaCl6,Cs,Ba,Fe,Cl,0.907556182,0.76758,1.88,0.922,2.518,0,0.79,45.5,3.8939,12,13,1.35,2.06,0.869,0,0.89,13.95,10.004,13,12,0.78,1.227,0.373,0.365,1.83,15.7,16.18,8,7,1.81,0.66,0.725,0,3.16,349,12.96764,6,5
Cs2FeBaBr6,Cs,Ba,Fe,Br,0.897616542,0.58237,1.88,0.922,2.518,0,0.79,45.5,3.8939,12,13,1.35,2.06,0.869,0,0.89,13.95,10.004,13,12,0.78,1.227,0.373,0.365,1.83,15.7,16.18,8,7,1.96,0.73,0.851,0.224,2.96,324.6,11.81381,9,8
Cs2BaHgCl6,Cs,Ba,Hg,Cl,0.85408315,2.904776,1.88,0.922,2.518,0,0.79,45.5,3.8939,12,13,1.35,2.06,0.869,0,0.89,13.95,10.004,13,12,1.14,1.126,0.494,0.607,2,0,18.759,15,14,1.81,0.66,0.725,0,3.16,349,12.96764,6,5
Cs2BaHgI6,Cs,Ba,Hg,I,0.837444316,1.405218,1.88,0.922,2.518,0,0.79,45.5,3.8939,12,13,1.35,2.06,0.869,0,0.89,13.95,10.004,13,12,1.14,1.126,0.494,0.607,2,0,18.759,15,14,2.2,0.876,1.044,0.406,2.66,295.2,10.45126,12,11
Cs2BaHgBr6,Cs,Ba,Hg,Br,0.847204381,2.230648,1.88,0.922,2.518,0,0.79,45.5,3.8939,12,13,1.35,2.06,0.869,0,0.89,13.95,10.004,13,12,1.14,1.126,0.494,0.607,2,0,18.759,15,14,1.96,0.73,0.851,0.224,2.96,324.6,11.81381,9,8
Cs2GeBaCl6,Cs,Ba,Ge,Cl,0.915517201,3.653177,1.88,0.922,2.518,0,0.79,45.5,3.8939,12,13,1.35,2.06,0.869,0,0.89,13.95,10.004,13,12,0.73,0.886,1.09,0.261,2.01,119,15.934,9,8,1.81,0.66,0.725,0,3.16,349,12.96764,6,5
Cs2GeBaI6,Cs,Ba,Ge,I,0.890430761,2.755305,1.88,0.922,2.518,0,0.79,45.5,3.8939,12,13,1.35,2.06,0.869,0,0.89,13.95,10.004,13,12,0.73,0.886,1.09,0.261,2.01,119,15.934,9,8,2.2,0.876,1.044,0.406,2.66,295.2,10.45126,12,11
Cs2GeBaBr6,Cs,Ba,Ge,Br,0.90509668,3.172842,1.88,0.922,2.518,0,0.79,45.5,3.8939,12,13,1.35,2.06,0.869,0,0.89,13.95,10.004,13,12,0.73,0.886,1.09,0.261,2.01,119,15.934,9,8,1.96,0.73,0.851,0.224,2.96,324.6,11.81381,9,8
Cs2MgBaCl6,Cs,Ba,Mg,Cl,0.917126194,5.092159,1.88,0.922,2.518,0,0.79,45.5,3.8939,12,13,1.35,2.06,0.869,0,0.89,13.95,10.004,13,12,0.72,1.279,0.247,0,1.31,0,15.035,5,4,1.81,0.66,0.725,0,3.16,349,12.96764,6,5
Cs2MgBaI6,Cs,Ba,Mg,I,0.891807007,3.289571,1.88,0.922,2.518,0,0.79,45.5,3.8939,12,13,1.35,2.06,0.869,0,0.89,13.95,10.004,13,12,0.72,1.279,0.247,0,1.31,0,15.035,5,4,2.2,0.876,1.044,0.406,2.66,295.2,10.45126,12,11
Cs2MgBaBr6,Cs,Ba,Mg,Br,0.906607693,4.181654,1.88,0.922,2.518,0,0.79,45.5,3.8939,12,13,1.35,2.06,0.869,0,0.89,13.95,10.004,13,12,0.72,1.279,0.247,0,1.31,0,15.035,5,4,1.96,0.73,0.851,0.224,2.96,324.6,11.81381,9,8
Cs2BaPbCl6,Cs,Ba,Pb,Cl,0.847150657,4.098637,1.88,0.922,2.518,0,0.79,45.5,3.8939,12,13,1.35,2.06,0.869,0,0.89,13.95,10.004,13,12,1.19,1.01,1.09,0.562,1.87,35.1,15.028,16,15,1.81,0.66,0.725,0,3.16,349,12.96764,6,5
Cs2BaPbI6,Cs,Ba,Pb,I,0.831410855,3.170683,1.88,0.922,2.518,0,0.79,45.5,3.8939,12,13,1.35,2.06,0.869,0,0.89,13.95,10.004,13,12,1.19,1.01,1.09,0.562,1.87,35.1,15.028,16,15,2.2,0.876,1.044,0.406,2.66,295.2,10.45126,12,11
Cs2BaPbBr6,Cs,Ba,Pb,Br,0.840647071,3.6435,1.88,0.922,2.518,0,0.79,45.5,3.8939,12,13,1.35,2.06,0.869,0,0.89,13.95,10.004,13,12,1.19,1.01,1.09,0.562,1.87,35.1,15.028,16,15,1.96,0.73,0.851,0.224,2.96,324.6,11.81381,9,8
Cs2BaPtCl6,Cs,Ba,Pt,Cl,0.941958131,1.256715,1.88,0.922,2.518,0,0.79,45.5,3.8939,12,13,1.35,2.06,0.869,0,0.89,13.95,10.004,13,12,0.57,1.221,0.523,0.657,2.28,205.3,18.563,15,14,1.81,0.66,0.725,0,3.16,349,12.96764,6,5
Cs2SrBaCl6,Cs,Ba,Sr,Cl,0.848528137,4.929913,1.88,0.922,2.518,0,0.79,45.5,3.8939,12,13,1.35,2.06,0.869,0,0.89,13.95,10.004,13,12,1.18,1.836,0.685,0,0.95,5.03,11.03,10,9,1.81,0.66,0.725,0,3.16,349,12.96764,6,5
Cs2SrBaI6,Cs,Ba,Sr,I,0.832610582,3.630489,1.88,0.922,2.518,0,0.79,45.5,3.8939,12,13,1.35,2.06,0.869,0,0.89,13.95,10.004,13,12,1.18,1.836,0.685,0,0.95,5.03,11.03,10,9,2.2,0.876,1.044,0.406,2.66,295.2,10.45126,12,11
Cs2SrBaBr6,Cs,Ba,Sr,Br,0.8419504,4.204065,1.88,0.922,2.518,0,0.79,45.5,3.8939,12,13,1.35,2.06,0.869,0,0.89,13.95,10.004,13,12,1.18,1.836,0.685,0,0.95,5.03,11.03,10,9,1.96,0.73,0.851,0.224,2.96,324.6,11.81381,9,8
Cs2ZnBaCl6,Cs,Ba,Zn,Cl,0.913913843,4.483165,1.88,0.922,2.518,0,0.79,45.5,3.8939,12,13,1.35,2.06,0.869,0,0.89,13.95,10.004,13,12,0.74,1.065,0.311,0.293,1.65,17.964,17.964,8,7,1.81,0.66,0.725,0,3.16,349,12.96764,6,5
Cs2ZnBaI6,Cs,Ba,Zn,I,0.889058757,2.005607,1.88,0.922,2.518,0,0.79,45.5,3.8939,12,13,1.35,2.06,0.869,0,0.89,13.95,10.004,13,12,0.74,1.065,0.311,0.293,1.65,17.964,17.964,8,7,2.2,0.876,1.044,0.406,2.66,295.2,10.45126,12,11
Cs2ZnBaBr6,Cs,Ba,Zn,Br,0.903590695,3.24492,1.88,0.922,2.518,0,0.79,45.5,3.8939,12,13,1.35,2.06,0.869,0,0.89,13.95,10.004,13,12,0.74,1.065,0.311,0.293,1.65,17.964,17.964,8,7,1.96,0.73,0.851,0.224,2.96,324.6,11.81381,9,8
Cs2CaBaCl6,Cs,Ca,Ba,Cl,0.8741119,5.052152,1.88,0.922,2.518,0,0.79,45.5,3.8939,12,13,1,1.69,0.539,0,1,2.37,11.871,7,6,1.35,2.06,0.869,0,0.89,13.95,10.004,13,12,1.81,0.66,0.725,0,3.16,349,12.96764,6,5
Cs2CaBaI6,Cs,Ca,Ba,I,0.854813531,3.667143,1.88,0.922,2.518,0,0.79,45.5,3.8939,12,13,1,1.69,0.539,0,1,2.37,11.871,7,6,1.35,2.06,0.869,0,0.89,13.95,10.004,13,12,2.2,0.876,1.044,0.406,2.66,295.2,10.45126,12,11
Cs2CaBaBr6,Cs,Ca,Ba,Br,0.866121225,4.283596,1.88,0.922,2.518,0,0.79,45.5,3.8939,12,13,1,1.69,0.539,0,1,2.37,11.871,7,6,1.35,2.06,0.869,0,0.89,13.95,10.004,13,12,1.96,0.73,0.851,0.224,2.96,324.6,11.81381,9,8
Cs2CaCdCl6,Cs,Ca,Cd,Cl,0.880008102,3.968233,1.88,0.922,2.518,0,0.79,45.5,3.8939,12,13,1,1.69,0.539,0,1,2.37,11.871,7,6,1.31,0.184,0.445,0.508,1.69,0,8.9938,10,11,1.81,0.66,0.725,0,3.16,349,12.96764,6,5
Cs2CaCdI6,Cs,Ca,Cd,I,0.85990929,1.650828,1.88,0.922,2.518,0,0.79,45.5,3.8939,12,13,1,1.69,0.539,0,1,2.37,11.871,7,6,1.31,0.184,0.445,0.508,1.69,0,8.9938,10,11,2.2,0.876,1.044,0.406,2.66,295.2,10.45126,12,11
Cs2CaCdBr6,Cs,Ca,Cd,Br,0.871682196,2.801395,1.88,0.922,2.518,0,0.79,45.5,3.8939,12,13,1,1.69,0.539,0,1,2.37,11.871,7,6,1.31,0.184,0.445,0.508,1.69,0,8.9938,10,11,1.96,0.73,0.851,0.224,2.96,324.6,11.81381,9,8
Cs2CaHgCl6,Cs,Ca,Hg,Cl,0.905980563,2.630448,1.88,0.922,2.518,0,0.79,45.5,3.8939,12,13,1,1.69,0.539,0,1,2.37,11.871,7,6,1.14,1.126,0.494,0.607,2,0,18.759,15,14,1.81,0.66,0.725,0,3.16,349,12.96764,6,5
Cs2CaHgI6,Cs,Ca,Hg,I,0.882261672,0.761298,1.88,0.922,2.518,0,0.79,45.5,3.8939,12,13,1,1.69,0.539,0,1,2.37,11.871,7,6,1.14,1.126,0.494,0.607,2,0,18.759,15,14,2.2,0.876,1.044,0.406,2.66,295.2,10.45126,12,11
Cs2CaHgBr6,Cs,Ca,Hg,Br,0.896135327,1.810715,1.88,0.922,2.518,0,0.79,45.5,3.8939,12,13,1,1.69,0.539,0,1,2.37,11.871,7,6,1.14,1.126,0.494,0.607,2,0,18.759,15,14,1.96,0.73,0.851,0.224,2.96,324.6,11.81381,9,8
Cs2CaGeCl6,Cs,Ca,Ge,Cl,0.97541085,3.778029,1.88,0.922,2.518,0,0.79,45.5,3.8939,12,13,1,1.69,0.539,0,1,2.37,11.871,7,6,0.73,0.886,1.09,0.261,2.01,119,15.934,9,8,1.81,0.66,0.725,0,3.16,349,12.96764,6,5
Cs2CaGeI6,Cs,Ca,Ge,I,0.941271017,2.527974,1.88,0.922,2.518,0,0.79,45.5,3.8939,12,13,1,1.69,0.539,0,1,2.37,11.871,7,6,0.73,0.886,1.09,0.261,2.01,119,15.934,9,8,2.2,0.876,1.044,0.406,2.66,295.2,10.45126,12,11
Cs2CaGeBr6,Cs,Ca,Ge,Br,0.961164616,3.222951,1.88,0.922,2.518,0,0.79,45.5,3.8939,12,13,1,1.69,0.539,0,1,2.37,11.871,7,6,0.73,0.886,1.09,0.261,2.01,119,15.934,9,8,1.96,0.73,0.851,0.224,2.96,324.6,11.81381,9,8
Cs2MgCaCl6,Cs,Ca,Mg,Cl,0.977237462,5.281178,1.88,0.922,2.518,0,0.79,45.5,3.8939,12,13,1,1.69,0.539,0,1,2.37,11.871,7,6,0.72,1.279,0.247,0,1.31,0,15.035,5,4,1.81,0.66,0.725,0,3.16,349,12.96764,6,5
Cs2MgCaI6,Cs,Ca,Mg,I,0.942809042,2.65333,1.88,0.922,2.518,0,0.79,45.5,3.8939,12,13,1,1.69,0.539,0,1,2.37,11.871,7,6,0.72,1.279,0.247,0,1.31,0,15.035,5,4,2.2,0.876,1.044,0.406,2.66,295.2,10.45126,12,11
Cs2MgCaBr6,Cs,Ca,Mg,Br,0.962868808,4.040039,1.88,0.922,2.518,0,0.79,45.5,3.8939,12,13,1,1.69,0.539,0,1,2.37,11.871,7,6,0.72,1.279,0.247,0,1.31,0,15.035,5,4,1.96,0.73,0.851,0.224,2.96,324.6,11.81381,9,8
Cs2CaPbCl6,Cs,Ca,Pb,Cl,0.898183829,4.34204,1.88,0.922,2.518,0,0.79,45.5,3.8939,12,13,1,1.69,0.539,0,1,2.37,11.871,7,6,1.19,1.01,1.09,0.562,1.87,35.1,15.028,16,15,1.81,0.66,0.725,0,3.16,349,12.96764,6,5
Cs2CaPbI6,Cs,Ca,Pb,I,0.875567729,2.952687,1.88,0.922,2.518,0,0.79,45.5,3.8939,12,13,1,1.69,0.539,0,1,2.37,11.871,7,6,1.19,1.01,1.09,0.562,1.87,35.1,15.028,16,15,2.2,0.876,1.044,0.406,2.66,295.2,10.45126,12,11
Cs2CaPbBr6,Cs,Ca,Pb,Br,0.888801977,3.745985,1.88,0.922,2.518,0,0.79,45.5,3.8939,12,13,1,1.69,0.539,0,1,2.37,11.871,7,6,1.19,1.01,1.09,0.562,1.87,35.1,15.028,16,15,1.96,0.73,0.851,0.224,2.96,324.6,11.81381,9,8
Cs2CaPtCl6,Cs,Ca,Pt,Cl,1.005481319,1.288322,1.88,0.922,2.518,0,0.79,45.5,3.8939,12,13,1,1.69,0.539,0,1,2.37,11.871,7,6,0.57,1.221,0.523,0.657,2.28,205.3,18.563,15,14,1.81,0.66,0.725,0,3.16,349,12.96764,6,5
Cs2CaSrCl6,Cs,Ca,Sr,Cl,0.899732422,5.252909,1.88,0.922,2.518,0,0.79,45.5,3.8939,12,13,1,1.69,0.539,0,1,2.37,11.871,7,6,1.18,1.836,0.685,0,0.95,5.03,11.03,10,9,1.81,0.66,0.725,0,3.16,349,12.96764,6,5
Cs2CaSrI6,Cs,Ca,Sr,I,0.876898379,3.759088,1.88,0.922,2.518,0,0.79,45.5,3.8939,12,13,1,1.69,0.539,0,1,2.37,11.871,7,6,1.18,1.836,0.685,0,0.95,5.03,11.03,10,9,2.2,0.876,1.044,0.406,2.66,295.2,10.45126,12,11
Cs2CaSrBr6,Cs,Ca,Sr,Br,0.890259029,4.399875,1.88,0.922,2.518,0,0.79,45.5,3.8939,12,13,1,1.69,0.539,0,1,2.37,11.871,7,6,1.18,1.836,0.685,0,0.95,5.03,11.03,10,9,1.96,0.73,0.851,0.224,2.96,324.6,11.81381,9,8
Cs2CaZnCl6,Cs,Ca,Zn,Cl,0.973591053,3.928986,1.88,0.922,2.518,0,0.79,45.5,3.8939,12,13,1,1.69,0.539,0,1,2.37,11.871,7,6,0.74,1.065,0.311,0.293,1.65,17.964,17.964,8,7,1.81,0.66,0.725,0,3.16,349,12.96764,6,5
Cs2CaZnI6,Cs,Ca,Zn,I,0.939738002,1.309455,1.88,0.922,2.518,0,0.79,45.5,3.8939,12,13,1,1.69,0.539,0,1,2.37,11.871,7,6,0.74,1.065,0.311,0.293,1.65,17.964,17.964,8,7,2.2,0.876,1.044,0.406,2.66,295.2,10.45126,12,11
Cs2CaZnBr6,Cs,Ca,Zn,Br,0.959466445,2.587727,1.88,0.922,2.518,0,0.79,45.5,3.8939,12,13,1,1.69,0.539,0,1,2.37,11.871,7,6,0.74,1.065,0.311,0.293,1.65,17.964,17.964,8,7,1.96,0.73,0.851,0.224,2.96,324.6,11.81381,9,8
Cs2CdBaCl6,Cs,Cd,Ba,Cl,0.830963065,4.336226,1.88,0.922,2.518,0,0.79,45.5,3.8939,12,13,1.31,0.184,0.445,0.508,1.69,0,8.9938,10,11,1.35,2.06,0.869,0,0.89,13.95,10.004,13,12,1.81,0.66,0.725,0,3.16,349,12.96764,6,5
Cs2CdBaI6,Cs,Cd,Ba,I,0.817279226,2.314439,1.88,0.922,2.518,0,0.79,45.5,3.8939,12,13,1.31,0.184,0.445,0.508,1.69,0,8.9938,10,11,1.35,2.06,0.869,0,0.89,13.95,10.004,13,12,2.2,0.876,1.044,0.406,2.66,295.2,10.45126,12,11
Cs2CdBaBr6,Cs,Cd,Ba,Br,0.825316122,3.384686,1.88,0.922,2.518,0,0.79,45.5,3.8939,12,13,1.31,0.184,0.445,0.508,1.69,0,8.9938,10,11,1.35,2.06,0.869,0,0.89,13.95,10.004,13,12,1.96,0.73,0.851,0.224,2.96,324.6,11.81381,9,8
Cs2CaCdCl6,Cs,Cd,Ca,Cl,0.880008102,3.968233,1.88,0.922,2.518,0,0.79,45.5,3.8939,12,13,1.31,0.184,0.445,0.508,1.69,0,8.9938,10,11,1,1.69,0.539,0,1,2.37,11.871,7,6,1.81,0.66,0.725,0,3.16,349,12.96764,6,5
Cs2CaCdI6,Cs,Cd,Ca,I,0.85990929,1.650828,1.88,0.922,2.518,0,0.79,45.5,3.8939,12,13,1.31,0.184,0.445,0.508,1.69,0,8.9938,10,11,1,1.69,0.539,0,1,2.37,11.871,7,6,2.2,0.876,1.044,0.406,2.66,295.2,10.45126,12,11
Cs2CaCdBr6,Cs,Cd,Ca,Br,0.871682196,2.801395,1.88,0.922,2.518,0,0.79,45.5,3.8939,12,13,1.31,0.184,0.445,0.508,1.69,0,8.9938,10,11,1,1.69,0.539,0,1,2.37,11.871,7,6,1.96,0.73,0.851,0.224,2.96,324.6,11.81381,9,8
Cs2GeCdCl6,Cs,Cd,Ge,Cl,0.921987287,1.779188,1.88,0.922,2.518,0,0.79,45.5,3.8939,12,13,1.31,0.184,0.445,0.508,1.69,0,8.9938,10,11,0.73,0.886,1.09,0.261,2.01,119,15.934,9,8,1.81,0.66,0.725,0,3.16,349,12.96764,6,5
Cs2GeCdI6,Cs,Cd,Ge,I,0.895961387,0.632985,1.88,0.922,2.518,0,0.79,45.5,3.8939,12,13,1.31,0.184,0.445,0.508,1.69,0,8.9938,10,11,0.73,0.886,1.09,0.261,2.01,119,15.934,9,8,2.2,0.876,1.044,0.406,2.66,295.2,10.45126,12,11
Cs2GeCdBr6,Cs,Cd,Ge,Br,0.911171154,1.190069,1.88,0.922,2.518,0,0.79,45.5,3.8939,12,13,1.31,0.184,0.445,0.508,1.69,0,8.9938,10,11,0.73,0.886,1.09,0.261,2.01,119,15.934,9,8,1.96,0.73,0.851,0.224,2.96,324.6,11.81381,9,8
Cs2MgCdCl6,Cs,Cd,Mg,Cl,0.923619123,2.757184,1.88,0.922,2.518,0,0.79,45.5,3.8939,12,13,1.31,0.184,0.445,0.508,1.69,0,8.9938,10,11,0.72,1.279,0.247,0,1.31,0,15.035,5,4,1.81,0.66,0.725,0,3.16,349,12.96764,6,5
Cs2MgCdBr6,Cs,Cd,Mg,Br,0.912702534,1.517319,1.88,0.922,2.518,0,0.79,45.5,3.8939,12,13,1.31,0.184,0.445,0.508,1.69,0,8.9938,10,11,0.72,1.279,0.247,0,1.31,0,15.035,5,4,1.96,0.73,0.851,0.224,2.96,324.6,11.81381,9,8
Cs2CdPbCl6,Cs,Cd,Pb,Cl,0.852687589,2.45863,1.88,0.922,2.518,0,0.79,45.5,3.8939,12,13,1.31,0.184,0.445,0.508,1.69,0,8.9938,10,11,1.19,1.01,1.09,0.562,1.87,35.1,15.028,16,15,1.81,0.66,0.725,0,3.16,349,12.96764,6,5
Cs2CdPbI6,Cs,Cd,Pb,I,0.836230628,1.103749,1.88,0.922,2.518,0,0.79,45.5,3.8939,12,13,1.31,0.184,0.445,0.508,1.69,0,8.9938,10,11,1.19,1.01,1.09,0.562,1.87,35.1,15.028,16,15,2.2,0.876,1.044,0.406,2.66,295.2,10.45126,12,11
Cs2CdPbBr6,Cs,Cd,Pb,Br,0.845884748,1.772262,1.88,0.922,2.518,0,0.79,45.5,3.8939,12,13,1.31,0.184,0.445,0.508,1.69,0,8.9938,10,11,1.19,1.01,1.09,0.562,1.87,35.1,15.028,16,15,1.96,0.73,0.851,0.224,2.96,324.6,11.81381,9,8
Cs2CdPtCl6,Cs,Cd,Pt,Cl,0.948808735,1.160944,1.88,0.922,2.518,0,0.79,45.5,3.8939,12,13,1.31,0.184,0.445,0.508,1.69,0,8.9938,10,11,0.57,1.221,0.523,0.657,2.28,205.3,18.563,15,14,1.81,0.66,0.725,0,3.16,349,12.96764,6,5
Cs2SrCdCl6,Cs,Cd,Sr,Cl,0.85408315,4.17397,1.88,0.922,2.518,0,0.79,45.5,3.8939,12,13,1.31,0.184,0.445,0.508,1.69,0,8.9938,10,11,1.18,1.836,0.685,0,0.95,5.03,11.03,10,9,1.81,0.66,0.725,0,3.16,349,12.96764,6,5
Cs2SrCdI6,Cs,Cd,Sr,I,0.837444316,1.918492,1.88,0.922,2.518,0,0.79,45.5,3.8939,12,13,1.31,0.184,0.445,0.508,1.69,0,8.9938,10,11,1.18,1.836,0.685,0,0.95,5.03,11.03,10,9,2.2,0.876,1.044,0.406,2.66,295.2,10.45126,12,11
Cs2SrCdBr6,Cs,Cd,Sr,Br,0.847204381,3.062432,1.88,0.922,2.518,0,0.79,45.5,3.8939,12,13,1.31,0.184,0.445,0.508,1.69,0,8.9938,10,11,1.18,1.836,0.685,0,0.95,5.03,11.03,10,9,1.96,0.73,0.851,0.224,2.96,324.6,11.81381,9,8
Cs2ZnCdCl6,Cs,Cd,Zn,Cl,0.920361207,1.661122,1.88,0.922,2.518,0,0.79,45.5,3.8939,12,13,1.31,0.184,0.445,0.508,1.69,0,8.9938,10,11,0.74,1.065,0.311,0.293,1.65,17.964,17.964,8,7,1.81,0.66,0.725,0,3.16,349,12.96764,6,5
Cs2FeBaCl6,Cs,Fe,Ba,Cl,0.907556182,0.76758,1.88,0.922,2.518,0,0.79,45.5,3.8939,12,13,0.78,1.227,0.373,0.365,1.83,15.7,16.18,8,7,1.35,2.06,0.869,0,0.89,13.95,10.004,13,12,1.81,0.66,0.725,0,3.16,349,12.96764,6,5
Cs2FeBaBr6,Cs,Fe,Ba,Br,0.897616542,0.58237,1.88,0.922,2.518,0,0.79,45.5,3.8939,12,13,0.78,1.227,0.373,0.365,1.83,15.7,16.18,8,7,1.35,2.06,0.869,0,0.89,13.95,10.004,13,12,1.96,0.73,0.851,0.224,2.96,324.6,11.81381,9,8
Cs2FeSrCl6,Cs,Fe,Sr,Cl,0.935205743,0.622605,1.88,0.922,2.518,0,0.79,45.5,3.8939,12,13,0.78,1.227,0.373,0.365,1.83,15.7,16.18,8,7,1.18,1.836,0.685,0,0.95,5.03,11.03,10,9,1.81,0.66,0.725,0,3.16,349,12.96764,6,5
Cs2BaHgCl6,Cs,Hg,Ba,Cl,0.85408315,2.904776,1.88,0.922,2.518,0,0.79,45.5,3.8939,12,13,1.14,1.126,0.494,0.607,2,0,18.759,15,14,1.35,2.06,0.869,0,0.89,13.95,10.004,13,12,1.81,0.66,0.725,0,3.16,349,12.96764,6,5
Cs2BaHgI6,Cs,Hg,Ba,I,0.837444316,1.405218,1.88,0.922,2.518,0,0.79,45.5,3.8939,12,13,1.14,1.126,0.494,0.607,2,0,18.759,15,14,1.35,2.06,0.869,0,0.89,13.95,10.004,13,12,2.2,0.876,1.044,0.406,2.66,295.2,10.45126,12,11
Cs2BaHgBr6,Cs,Hg,Ba,Br,0.847204381,2.230648,1.88,0.922,2.518,0,0.79,45.5,3.8939,12,13,1.14,1.126,0.494,0.607,2,0,18.759,15,14,1.35,2.06,0.869,0,0.89,13.95,10.004,13,12,1.96,0.73,0.851,0.224,2.96,324.6,11.81381,9,8
Cs2CaHgCl6,Cs,Hg,Ca,Cl,0.905980563,2.630448,1.88,0.922,2.518,0,0.79,45.5,3.8939,12,13,1.14,1.126,0.494,0.607,2,0,18.759,15,14,1,1.69,0.539,0,1,2.37,11.871,7,6,1.81,0.66,0.725,0,3.16,349,12.96764,6,5
Cs2CaHgI6,Cs,Hg,Ca,I,0.882261672,0.761298,1.88,0.922,2.518,0,0.79,45.5,3.8939,12,13,1.14,1.126,0.494,0.607,2,0,18.759,15,14,1,1.69,0.539,0,1,2.37,11.871,7,6,2.2,0.876,1.044,0.406,2.66,295.2,10.45126,12,11
Cs2CaHgBr6,Cs,Hg,Ca,Br,0.896135327,1.810715,1.88,0.922,2.518,0,0.79,45.5,3.8939,12,13,1.14,1.126,0.494,0.607,2,0,18.759,15,14,1,1.69,0.539,0,1,2.37,11.871,7,6,1.96,0.73,0.851,0.224,2.96,324.6,11.81381,9,8
Cs2GeHgCl6,Cs,Hg,Ge,Cl,0.950536985,0.560086,1.88,0.922,2.518,0,0.79,45.5,3.8939,12,13,1.14,1.126,0.494,0.607,2,0,18.759,15,14,0.73,0.886,1.09,0.261,2.01,119,15.934,9,8,1.81,0.66,0.725,0,3.16,349,12.96764,6,5
Cs2MgHgCl6,Cs,Hg,Mg,Cl,0.952271541,1.631823,1.88,0.922,2.518,0,0.79,45.5,3.8939,12,13,1.14,1.126,0.494,0.607,2,0,18.759,15,14,0.72,1.279,0.247,0,1.31,0,15.035,5,4,1.81,0.66,0.725,0,3.16,349,12.96764,6,5
Cs2HgPbCl6,Cs,Hg,Pb,Cl,0.877050092,1.226733,1.88,0.922,2.518,0,0.79,45.5,3.8939,12,13,1.14,1.126,0.494,0.607,2,0,18.759,15,14,1.19,1.01,1.09,0.562,1.87,35.1,15.028,16,15,1.81,0.66,0.725,0,3.16,349,12.96764,6,5
Cs2HgPbBr6,Cs,Hg,Pb,Br,0.868892813,0.697697,1.88,0.922,2.518,0,0.79,45.5,3.8939,12,13,1.14,1.126,0.494,0.607,2,0,18.759,15,14,1.19,1.01,1.09,0.562,1.87,35.1,15.028,16,15,1.96,0.73,0.851,0.224,2.96,324.6,11.81381,9,8
Cs2PtHgCl6,Cs,Hg,Pt,Cl,0.979070928,0.249818,1.88,0.922,2.518,0,0.79,45.5,3.8939,12,13,1.14,1.126,0.494,0.607,2,0,18.759,15,14,0.57,1.221,0.523,0.657,2.28,205.3,18.563,15,14,1.81,0.66,0.725,0,3.16,349,12.96764,6,5
Cs2SrHgCl6,Cs,Hg,Sr,Cl,0.878526607,2.75994,1.88,0.922,2.518,0,0.79,45.5,3.8939,12,13,1.14,1.126,0.494,0.607,2,0,18.759,15,14,1.18,1.836,0.685,0,0.95,5.03,11.03,10,9,1.81,0.66,0.725,0,3.16,349,12.96764,6,5
Cs2SrHgI6,Cs,Hg,Sr,I,0.858629663,1.05118,1.88,0.922,2.518,0,0.79,45.5,3.8939,12,13,1.14,1.126,0.494,0.607,2,0,18.759,15,14,1.18,1.836,0.685,0,0.95,5.03,11.03,10,9,2.2,0.876,1.044,0.406,2.66,295.2,10.45126,12,11
Cs2SrHgBr6,Cs,Hg,Sr,Br,0.870285269,1.997393,1.88,0.922,2.518,0,0.79,45.5,3.8939,12,13,1.14,1.126,0.494,0.607,2,0,18.759,15,14,1.18,1.836,0.685,0,0.95,5.03,11.03,10,9,1.96,0.73,0.851,0.224,2.96,324.6,11.81381,9,8
Cs2TiHgCl6,Cs,Hg,Ti,Cl,0.928549474,0.440574,1.88,0.922,2.518,0,0.79,45.5,3.8939,12,13,1.14,1.126,0.494,0.607,2,0,18.759,15,14,0.86,1.477,0.468,0.489,1.54,7.6,13.58,8,7,1.81,0.66,0.725,0,3.16,349,12.96764,6,5
Cs2GeBaCl6,Cs,Ge,Ba,Cl,0.915517201,3.653177,1.88,0.922,2.518,0,0.79,45.5,3.8939,12,13,0.73,0.886,1.09,0.261,2.01,119,15.934,9,8,1.35,2.06,0.869,0,0.89,13.95,10.004,13,12,1.81,0.66,0.725,0,3.16,349,12.96764,6,5
Cs2GeBaI6,Cs,Ge,Ba,I,0.890430761,2.755305,1.88,0.922,2.518,0,0.79,45.5,3.8939,12,13,0.73,0.886,1.09,0.261,2.01,119,15.934,9,8,1.35,2.06,0.869,0,0.89,13.95,10.004,13,12,2.2,0.876,1.044,0.406,2.66,295.2,10.45126,12,11
Cs2GeBaBr6,Cs,Ge,Ba,Br,0.90509668,3.172842,1.88,0.922,2.518,0,0.79,45.5,3.8939,12,13,0.73,0.886,1.09,0.261,2.01,119,15.934,9,8,1.35,2.06,0.869,0,0.89,13.95,10.004,13,12,1.96,0.73,0.851,0.224,2.96,324.6,11.81381,9,8
Cs2CaGeCl6,Cs,Ge,Ca,Cl,0.97541085,3.778029,1.88,0.922,2.518,0,0.79,45.5,3.8939,12,13,0.73,0.886,1.09,0.261,2.01,119,15.934,9,8,1,1.69,0.539,0,1,2.37,11.871,7,6,1.81,0.66,0.725,0,3.16,349,12.96764,6,5
Cs2CaGeI6,Cs,Ge,Ca,I,0.941271017,2.527974,1.88,0.922,2.518,0,0.79,45.5,3.8939,12,13,0.73,0.886,1.09,0.261,2.01,119,15.934,9,8,1,1.69,0.539,0,1,2.37,11.871,7,6,2.2,0.876,1.044,0.406,2.66,295.2,10.45126,12,11
Cs2CaGeBr6,Cs,Ge,Ca,Br,0.961164616,3.222951,1.88,0.922,2.518,0,0.79,45.5,3.8939,12,13,0.73,0.886,1.09,0.261,2.01,119,15.934,9,8,1,1.69,0.539,0,1,2.37,11.871,7,6,1.96,0.73,0.851,0.224,2.96,324.6,11.81381,9,8
Cs2GeCdCl6,Cs,Ge,Cd,Cl,0.921987287,1.779188,1.88,0.922,2.518,0,0.79,45.5,3.8939,12,13,0.73,0.886,1.09,0.261,2.01,119,15.934,9,8,1.31,0.184,0.445,0.508,1.69,0,8.9938,10,11,1.81,0.66,0.725,0,3.16,349,12.96764,6,5
Cs2GeCdI6,Cs,Ge,Cd,I,0.895961387,0.632985,1.88,0.922,2.518,0,0.79,45.5,3.8939,12,13,0.73,0.886,1.09,0.261,2.01,119,15.934,9,8,1.31,0.184,0.445,0.508,1.69,0,8.9938,10,11,2.2,0.876,1.044,0.406,2.66,295.2,10.45126,12,11
Cs2GeCdBr6,Cs,Ge,Cd,Br,0.911171154,1.190069,1.88,0.922,2.518,0,0.79,45.5,3.8939,12,13,0.73,0.886,1.09,0.261,2.01,119,15.934,9,8,1.31,0.184,0.445,0.508,1.69,0,8.9938,10,11,1.96,0.73,0.851,0.224,2.96,324.6,11.81381,9,8
Cs2GeHgCl6,Cs,Ge,Hg,Cl,0.950536985,0.560086,1.88,0.922,2.518,0,0.79,45.5,3.8939,12,13,0.73,0.886,1.09,0.261,2.01,119,15.934,9,8,1.14,1.126,0.494,0.607,2,0,18.759,15,14,1.81,0.66,0.725,0,3.16,349,12.96764,6,5
Cs2MgGeCl6,Cs,Ge,Mg,Cl,1.029279693,3.098143,1.88,0.922,2.518,0,0.79,45.5,3.8939,12,13,0.73,0.886,1.09,0.261,2.01,119,15.934,9,8,0.72,1.279,0.247,0,1.31,0,15.035,5,4,1.81,0.66,0.725,0,3.16,349,12.96764,6,5
Cs2MgGeI6,Cs,Ge,Mg,I,0.986323305,1.496698,1.88,0.922,2.518,0,0.79,45.5,3.8939,12,13,0.73,0.886,1.09,0.261,2.01,119,15.934,9,8,0.72,1.279,0.247,0,1.31,0,15.035,5,4,2.2,0.876,1.044,0.406,2.66,295.2,10.45126,12,11
Cs2MgGeBr6,Cs,Ge,Mg,Br,1.011281207,2.33961,1.88,0.922,2.518,0,0.79,45.5,3.8939,12,13,0.73,0.886,1.09,0.261,2.01,119,15.934,9,8,0.72,1.279,0.247,0,1.31,0,15.035,5,4,1.96,0.73,0.851,0.224,2.96,324.6,11.81381,9,8
Cs2GePbCl6,Cs,Ge,Pb,Cl,0.941958131,1.49677,1.88,0.922,2.518,0,0.79,45.5,3.8939,12,13,0.73,0.886,1.09,0.261,2.01,119,15.934,9,8,1.19,1.01,1.09,0.562,1.87,35.1,15.028,16,15,1.81,0.66,0.725,0,3.16,349,12.96764,6,5
Cs2GePbI6,Cs,Ge,Pb,I,0.912973312,0.992915,1.88,0.922,2.518,0,0.79,45.5,3.8939,12,13,0.73,0.886,1.09,0.261,2.01,119,15.934,9,8,1.19,1.01,1.09,0.562,1.87,35.1,15.028,16,15,2.2,0.876,1.044,0.406,2.66,295.2,10.45126,12,11
Cs2GePbBr6,Cs,Ge,Pb,Br,0.929893849,1.103297,1.88,0.922,2.518,0,0.79,45.5,3.8939,12,13,0.73,0.886,1.09,0.261,2.01,119,15.934,9,8,1.19,1.01,1.09,0.562,1.87,35.1,15.028,16,15,1.96,0.73,0.851,0.224,2.96,324.6,11.81381,9,8
Cs2GeSrCl6,Cs,Ge,Sr,Cl,0.943661491,3.725273,1.88,0.922,2.518,0,0.79,45.5,3.8939,12,13,0.73,0.886,1.09,0.261,2.01,119,15.934,9,8,1.18,1.836,0.685,0,0.95,5.03,11.03,10,9,1.81,0.66,0.725,0,3.16,349,12.96764,6,5
Cs2GeSrI6,Cs,Ge,Sr,I,0.91442018,2.696568,1.88,0.922,2.518,0,0.79,45.5,3.8939,12,13,0.73,0.886,1.09,0.261,2.01,119,15.934,9,8,1.18,1.836,0.685,0,0.95,5.03,11.03,10,9,2.2,0.876,1.044,0.406,2.66,295.2,10.45126,12,11
Cs2GeSrBr6,Cs,Ge,Sr,Br,0.931488864,3.195046,1.88,0.922,2.518,0,0.79,45.5,3.8939,12,13,0.73,0.886,1.09,0.261,2.01,119,15.934,9,8,1.18,1.836,0.685,0,0.95,5.03,11.03,10,9,1.96,0.73,0.851,0.224,2.96,324.6,11.81381,9,8
Cs2ZnGeCl6,Cs,Ge,Zn,Cl,1.025235372,1.807094,1.88,0.922,2.518,0,0.79,45.5,3.8939,12,13,0.73,0.886,1.09,0.261,2.01,119,15.934,9,8,0.74,1.065,0.311,0.293,1.65,17.964,17.964,8,7,1.81,0.66,0.725,0,3.16,349,12.96764,6,5
Cs2ZnGeI6,Cs,Ge,Zn,I,0.982962749,0.491754,1.88,0.922,2.518,0,0.79,45.5,3.8939,12,13,0.73,0.886,1.09,0.261,2.01,119,15.934,9,8,0.74,1.065,0.311,0.293,1.65,17.964,17.964,8,7,2.2,0.876,1.044,0.406,2.66,295.2,10.45126,12,11
Cs2ZnGeBr6,Cs,Ge,Zn,Br,1.007528772,1.134364,1.88,0.922,2.518,0,0.79,45.5,3.8939,12,13,0.73,0.886,1.09,0.261,2.01,119,15.934,9,8,0.74,1.065,0.311,0.293,1.65,17.964,17.964,8,7,1.96,0.73,0.851,0.224,2.96,324.6,11.81381,9,8
Cs2MgBaCl6,Cs,Mg,Ba,Cl,0.917126194,5.092159,1.88,0.922,2.518,0,0.79,45.5,3.8939,12,13,0.72,1.279,0.247,0,1.31,0,15.035,5,4,1.35,2.06,0.869,0,0.89,13.95,10.004,13,12,1.81,0.66,0.725,0,3.16,349,12.96764,6,5
Cs2MgBaI6,Cs,Mg,Ba,I,0.891807007,3.289571,1.88,0.922,2.518,0,0.79,45.5,3.8939,12,13,0.72,1.279,0.247,0,1.31,0,15.035,5,4,1.35,2.06,0.869,0,0.89,13.95,10.004,13,12,2.2,0.876,1.044,0.406,2.66,295.2,10.45126,12,11
Cs2MgBaBr6,Cs,Mg,Ba,Br,0.906607693,4.181654,1.88,0.922,2.518,0,0.79,45.5,3.8939,12,13,0.72,1.279,0.247,0,1.31,0,15.035,5,4,1.35,2.06,0.869,0,0.89,13.95,10.004,13,12,1.96,0.73,0.851,0.224,2.96,324.6,11.81381,9,8
Cs2MgCaCl6,Cs,Mg,Ca,Cl,0.977237462,5.281178,1.88,0.922,2.518,0,0.79,45.5,3.8939,12,13,0.72,1.279,0.247,0,1.31,0,15.035,5,4,1,1.69,0.539,0,1,2.37,11.871,7,6,1.81,0.66,0.725,0,3.16,349,12.96764,6,5
Cs2MgCaI6,Cs,Mg,Ca,I,0.942809042,2.65333,1.88,0.922,2.518,0,0.79,45.5,3.8939,12,13,0.72,1.279,0.247,0,1.31,0,15.035,5,4,1,1.69,0.539,0,1,2.37,11.871,7,6,2.2,0.876,1.044,0.406,2.66,295.2,10.45126,12,11
Cs2MgCaBr6,Cs,Mg,Ca,Br,0.962868808,4.040039,1.88,0.922,2.518,0,0.79,45.5,3.8939,12,13,0.72,1.279,0.247,0,1.31,0,15.035,5,4,1,1.69,0.539,0,1,2.37,11.871,7,6,1.96,0.73,0.851,0.224,2.96,324.6,11.81381,9,8
Cs2MgCdCl6,Cs,Mg,Cd,Cl,0.923619123,2.757184,1.88,0.922,2.518,0,0.79,45.5,3.8939,12,13,0.72,1.279,0.247,0,1.31,0,15.035,5,4,1.31,0.184,0.445,0.508,1.69,0,8.9938,10,11,1.81,0.66,0.725,0,3.16,349,12.96764,6,5
Cs2MgCdBr6,Cs,Mg,Cd,Br,0.912702534,1.517319,1.88,0.922,2.518,0,0.79,45.5,3.8939,12,13,0.72,1.279,0.247,0,1.31,0,15.035,5,4,1.31,0.184,0.445,0.508,1.69,0,8.9938,10,11,1.96,0.73,0.851,0.224,2.96,324.6,11.81381,9,8
Cs2MgHgCl6,Cs,Mg,Hg,Cl,0.952271541,1.631823,1.88,0.922,2.518,0,0.79,45.5,3.8939,12,13,0.72,1.279,0.247,0,1.31,0,15.035,5,4,1.14,1.126,0.494,0.607,2,0,18.759,15,14,1.81,0.66,0.725,0,3.16,349,12.96764,6,5
Cs2MgGeCl6,Cs,Mg,Ge,Cl,1.029279693,3.098143,1.88,0.922,2.518,0,0.79,45.5,3.8939,12,13,0.72,1.279,0.247,0,1.31,0,15.035,5,4,0.73,0.886,1.09,0.261,2.01,119,15.934,9,8,1.81,0.66,0.725,0,3.16,349,12.96764,6,5
Cs2MgGeI6,Cs,Mg,Ge,I,0.986323305,1.496698,1.88,0.922,2.518,0,0.79,45.5,3.8939,12,13,0.72,1.279,0.247,0,1.31,0,15.035,5,4,0.73,0.886,1.09,0.261,2.01,119,15.934,9,8,2.2,0.876,1.044,0.406,2.66,295.2,10.45126,12,11
Cs2MgGeBr6,Cs,Mg,Ge,Br,1.011281207,2.33961,1.88,0.922,2.518,0,0.79,45.5,3.8939,12,13,0.72,1.279,0.247,0,1.31,0,15.035,5,4,0.73,0.886,1.09,0.261,2.01,119,15.934,9,8,1.96,0.73,0.851,0.224,2.96,324.6,11.81381,9,8
Cs2MgPbCl6,Cs,Mg,Pb,Cl,0.943661491,3.779056,1.88,0.922,2.518,0,0.79,45.5,3.8939,12,13,0.72,1.279,0.247,0,1.31,0,15.035,5,4,1.19,1.01,1.09,0.562,1.87,35.1,15.028,16,15,1.81,0.66,0.725,0,3.16,349,12.96764,6,5
Cs2MgPbI6,Cs,Mg,Pb,I,0.91442018,1.964527,1.88,0.922,2.518,0,0.79,45.5,3.8939,12,13,0.72,1.279,0.247,0,1.31,0,15.035,5,4,1.19,1.01,1.09,0.562,1.87,35.1,15.028,16,15,2.2,0.876,1.044,0.406,2.66,295.2,10.45126,12,11
Cs2MgPbBr6,Cs,Mg,Pb,Br,0.931488864,2.962519,1.88,0.922,2.518,0,0.79,45.5,3.8939,12,13,0.72,1.279,0.247,0,1.31,0,15.035,5,4,1.19,1.01,1.09,0.562,1.87,35.1,15.028,16,15,1.96,0.73,0.851,0.224,2.96,324.6,11.81381,9,8
Cs2MgPtCl6,Cs,Mg,Pt,Cl,1.062820376,1.317652,1.88,0.922,2.518,0,0.79,45.5,3.8939,12,13,0.72,1.279,0.247,0,1.31,0,15.035,5,4,0.57,1.221,0.523,0.657,2.28,205.3,18.563,15,14,1.81,0.66,0.725,0,3.16,349,12.96764,6,5
Cs2MgSrCl6,Cs,Mg,Sr,Cl,0.945371023,5.215115,1.88,0.922,2.518,0,0.79,45.5,3.8939,12,13,0.72,1.279,0.247,0,1.31,0,15.035,5,4,1.18,1.836,0.685,0,0.95,5.03,11.03,10,9,1.81,0.66,0.725,0,3.16,349,12.96764,6,5
Cs2MgSrI6,Cs,Mg,Sr,I,0.91587164,2.920109,1.88,0.922,2.518,0,0.79,45.5,3.8939,12,13,0.72,1.279,0.247,0,1.31,0,15.035,5,4,1.18,1.836,0.685,0,0.95,5.03,11.03,10,9,2.2,0.876,1.044,0.406,2.66,295.2,10.45126,12,11
Cs2MgSrBr6,Cs,Mg,Sr,Br,0.933089361,4.114328,1.88,0.922,2.518,0,0.79,45.5,3.8939,12,13,0.72,1.279,0.247,0,1.31,0,15.035,5,4,1.18,1.836,0.685,0,0.95,5.03,11.03,10,9,1.96,0.73,0.851,0.224,2.96,324.6,11.81381,9,8
Cs2MgZnCl6,Cs,Mg,Zn,Cl,1.027253552,2.570597,1.88,0.922,2.518,0,0.79,45.5,3.8939,12,13,0.72,1.279,0.247,0,1.31,0,15.035,5,4,0.74,1.065,0.311,0.293,1.65,17.964,17.964,8,7,1.81,0.66,0.725,0,3.16,349,12.96764,6,5
Cs2MgZnBr6,Cs,Mg,Zn,Br,1.009401502,1.225266,1.88,0.922,2.518,0,0.79,45.5,3.8939,12,13,0.72,1.279,0.247,0,1.31,0,15.035,5,4,0.74,1.065,0.311,0.293,1.65,17.964,17.964,8,7,1.96,0.73,0.851,0.224,2.96,324.6,11.81381,9,8
Cs2BaPbCl6,Cs,Pb,Ba,Cl,0.847150657,4.098637,1.88,0.922,2.518,0,0.79,45.5,3.8939,12,13,1.19,1.01,1.09,0.562,1.87,35.1,15.028,16,15,1.35,2.06,0.869,0,0.89,13.95,10.004,13,12,1.81,0.66,0.725,0,3.16,349,12.96764,6,5
Cs2BaPbI6,Cs,Pb,Ba,I,0.831410855,3.170683,1.88,0.922,2.518,0,0.79,45.5,3.8939,12,13,1.19,1.01,1.09,0.562,1.87,35.1,15.028,16,15,1.35,2.06,0.869,0,0.89,13.95,10.004,13,12,2.2,0.876,1.044,0.406,2.66,295.2,10.45126,12,11
Cs2BaPbBr6,Cs,Pb,Ba,Br,0.840647071,3.6435,1.88,0.922,2.518,0,0.79,45.5,3.8939,12,13,1.19,1.01,1.09,0.562,1.87,35.1,15.028,16,15,1.35,2.06,0.869,0,0.89,13.95,10.004,13,12,1.96,0.73,0.851,0.224,2.96,324.6,11.81381,9,8
Cs2CaPbCl6,Cs,Pb,Ca,Cl,0.898183829,4.34204,1.88,0.922,2.518,0,0.79,45.5,3.8939,12,13,1.19,1.01,1.09,0.562,1.87,35.1,15.028,16,15,1,1.69,0.539,0,1,2.37,11.871,7,6,1.81,0.66,0.725,0,3.16,349,12.96764,6,5
Cs2CaPbI6,Cs,Pb,Ca,I,0.875567729,2.952687,1.88,0.922,2.518,0,0.79,45.5,3.8939,12,13,1.19,1.01,1.09,0.562,1.87,35.1,15.028,16,15,1,1.69,0.539,0,1,2.37,11.871,7,6,2.2,0.876,1.044,0.406,2.66,295.2,10.45126,12,11
Cs2CaPbBr6,Cs,Pb,Ca,Br,0.888801977,3.745985,1.88,0.922,2.518,0,0.79,45.5,3.8939,12,13,1.19,1.01,1.09,0.562,1.87,35.1,15.028,16,15,1,1.69,0.539,0,1,2.37,11.871,7,6,1.96,0.73,0.851,0.224,2.96,324.6,11.81381,9,8
Cs2CdPbCl6,Cs,Pb,Cd,Cl,0.852687589,2.45863,1.88,0.922,2.518,0,0.79,45.5,3.8939,12,13,1.19,1.01,1.09,0.562,1.87,35.1,15.028,16,15,1.31,0.184,0.445,0.508,1.69,0,8.9938,10,11,1.81,0.66,0.725,0,3.16,349,12.96764,6,5
Cs2CdPbI6,Cs,Pb,Cd,I,0.836230628,1.103749,1.88,0.922,2.518,0,0.79,45.5,3.8939,12,13,1.19,1.01,1.09,0.562,1.87,35.1,15.028,16,15,1.31,0.184,0.445,0.508,1.69,0,8.9938,10,11,2.2,0.876,1.044,0.406,2.66,295.2,10.45126,12,11
Cs2CdPbBr6,Cs,Pb,Cd,Br,0.845884748,1.772262,1.88,0.922,2.518,0,0.79,45.5,3.8939,12,13,1.19,1.01,1.09,0.562,1.87,35.1,15.028,16,15,1.31,0.184,0.445,0.508,1.69,0,8.9938,10,11,1.96,0.73,0.851,0.224,2.96,324.6,11.81381,9,8
Cs2HgPbCl6,Cs,Pb,Hg,Cl,0.877050092,1.226733,1.88,0.922,2.518,0,0.79,45.5,3.8939,12,13,1.19,1.01,1.09,0.562,1.87,35.1,15.028,16,15,1.14,1.126,0.494,0.607,2,0,18.759,15,14,1.81,0.66,0.725,0,3.16,349,12.96764,6,5
Cs2HgPbBr6,Cs,Pb,Hg,Br,0.868892813,0.697697,1.88,0.922,2.518,0,0.79,45.5,3.8939,12,13,1.19,1.01,1.09,0.562,1.87,35.1,15.028,16,15,1.14,1.126,0.494,0.607,2,0,18.759,15,14,1.96,0.73,0.851,0.224,2.96,324.6,11.81381,9,8
Cs2GePbCl6,Cs,Pb,Ge,Cl,0.941958131,1.49677,1.88,0.922,2.518,0,0.79,45.5,3.8939,12,13,1.19,1.01,1.09,0.562,1.87,35.1,15.028,16,15,0.73,0.886,1.09,0.261,2.01,119,15.934,9,8,1.81,0.66,0.725,0,3.16,349,12.96764,6,5
Cs2GePbI6,Cs,Pb,Ge,I,0.912973312,0.992915,1.88,0.922,2.518,0,0.79,45.5,3.8939,12,13,1.19,1.01,1.09,0.562,1.87,35.1,15.028,16,15,0.73,0.886,1.09,0.261,2.01,119,15.934,9,8,2.2,0.876,1.044,0.406,2.66,295.2,10.45126,12,11
Cs2GePbBr6,Cs,Pb,Ge,Br,0.929893849,1.103297,1.88,0.922,2.518,0,0.79,45.5,3.8939,12,13,1.19,1.01,1.09,0.562,1.87,35.1,15.028,16,15,0.73,0.886,1.09,0.261,2.01,119,15.934,9,8,1.96,0.73,0.851,0.224,2.96,324.6,11.81381,9,8
Cs2MgPbCl6,Cs,Pb,Mg,Cl,0.943661491,3.779056,1.88,0.922,2.518,0,0.79,45.5,3.8939,12,13,1.19,1.01,1.09,0.562,1.87,35.1,15.028,16,15,0.72,1.279,0.247,0,1.31,0,15.035,5,4,1.81,0.66,0.725,0,3.16,349,12.96764,6,5
Cs2MgPbI6,Cs,Pb,Mg,I,0.91442018,1.964527,1.88,0.922,2.518,0,0.79,45.5,3.8939,12,13,1.19,1.01,1.09,0.562,1.87,35.1,15.028,16,15,0.72,1.279,0.247,0,1.31,0,15.035,5,4,2.2,0.876,1.044,0.406,2.66,295.2,10.45126,12,11
Cs2MgPbBr6,Cs,Pb,Mg,Br,0.931488864,2.962519,1.88,0.922,2.518,0,0.79,45.5,3.8939,12,13,1.19,1.01,1.09,0.562,1.87,35.1,15.028,16,15,0.72,1.279,0.247,0,1.31,0,15.035,5,4,1.96,0.73,0.851,0.224,2.96,324.6,11.81381,9,8
Cs2SrPbCl6,Cs,Pb,Sr,Cl,0.87119333,4.275856,1.88,0.922,2.518,0,0.79,45.5,3.8939,12,13,1.19,1.01,1.09,0.562,1.87,35.1,15.028,16,15,1.18,1.836,0.685,0,0.95,5.03,11.03,10,9,1.81,0.66,0.725,0,3.16,349,12.96764,6,5
Cs2SrPbI6,Cs,Pb,Sr,I,0.852288233,3.146007,1.88,0.922,2.518,0,0.79,45.5,3.8939,12,13,1.19,1.01,1.09,0.562,1.87,35.1,15.028,16,15,1.18,1.836,0.685,0,0.95,5.03,11.03,10,9,2.2,0.876,1.044,0.406,2.66,295.2,10.45126,12,11
Cs2SrPbBr6,Cs,Pb,Sr,Br,0.863367262,3.706549,1.88,0.922,2.518,0,0.79,45.5,3.8939,12,13,1.19,1.01,1.09,0.562,1.87,35.1,15.028,16,15,1.18,1.836,0.685,0,0.95,5.03,11.03,10,9,1.96,0.73,0.851,0.224,2.96,324.6,11.81381,9,8
Cs2ZnPbCl6,Cs,Pb,Zn,Cl,0.940260909,2.477975,1.88,0.922,2.518,0,0.79,45.5,3.8939,12,13,1.19,1.01,1.09,0.562,1.87,35.1,15.028,16,15,0.74,1.065,0.311,0.293,1.65,17.964,17.964,8,7,1.81,0.66,0.725,0,3.16,349,12.96764,6,5
Cs2ZnPbI6,Cs,Pb,Zn,I,0.911531017,0.94997,1.88,0.922,2.518,0,0.79,45.5,3.8939,12,13,1.19,1.01,1.09,0.562,1.87,35.1,15.028,16,15,0.74,1.065,0.311,0.293,1.65,17.964,17.964,8,7,2.2,0.876,1.044,0.406,2.66,295.2,10.45126,12,11
Cs2ZnPbBr6,Cs,Pb,Zn,Br,0.928304287,1.702139,1.88,0.922,2.518,0,0.79,45.5,3.8939,12,13,1.19,1.01,1.09,0.562,1.87,35.1,15.028,16,15,0.74,1.065,0.311,0.293,1.65,17.964,17.964,8,7,1.96,0.73,0.851,0.224,2.96,324.6,11.81381,9,8
Cs2BaPtCl6,Cs,Pt,Ba,Cl,0.941958131,1.256715,1.88,0.922,2.518,0,0.79,45.5,3.8939,12,13,0.57,1.221,0.523,0.657,2.28,205.3,18.563,15,14,1.35,2.06,0.869,0,0.89,13.95,10.004,13,12,1.81,0.66,0.725,0,3.16,349,12.96764,6,5
Cs2CaPtCl6,Cs,Pt,Ca,Cl,1.005481319,1.288322,1.88,0.922,2.518,0,0.79,45.5,3.8939,12,13,0.57,1.221,0.523,0.657,2.28,205.3,18.563,15,14,1,1.69,0.539,0,1,2.37,11.871,7,6,1.81,0.66,0.725,0,3.16,349,12.96764,6,5
Cs2CdPtCl6,Cs,Pt,Cd,Cl,0.948808735,1.160944,1.88,0.922,2.518,0,0.79,45.5,3.8939,12,13,0.57,1.221,0.523,0.657,2.28,205.3,18.563,15,14,1.31,0.184,0.445,0.508,1.69,0,8.9938,10,11,1.81,0.66,0.725,0,3.16,349,12.96764,6,5
Cs2PtHgCl6,Cs,Pt,Hg,Cl,0.979070928,0.249818,1.88,0.922,2.518,0,0.79,45.5,3.8939,12,13,0.57,1.221,0.523,0.657,2.28,205.3,18.563,15,14,1.14,1.126,0.494,0.607,2,0,18.759,15,14,1.81,0.66,0.725,0,3.16,349,12.96764,6,5
Cs2MgPtCl6,Cs,Pt,Mg,Cl,1.062820376,1.317652,1.88,0.922,2.518,0,0.79,45.5,3.8939,12,13,0.57,1.221,0.523,0.657,2.28,205.3,18.563,15,14,0.72,1.279,0.247,0,1.31,0,15.035,5,4,1.81,0.66,0.725,0,3.16,349,12.96764,6,5
Cs2SrPtCl6,Cs,Pt,Sr,Cl,0.971778034,1.21662,1.88,0.922,2.518,0,0.79,45.5,3.8939,12,13,0.57,1.221,0.523,0.657,2.28,205.3,18.563,15,14,1.18,1.836,0.685,0,0.95,5.03,11.03,10,9,1.81,0.66,0.725,0,3.16,349,12.96764,6,5
Cs2ZnPtCl6,Cs,Pt,Zn,Cl,1.058508731,1.474434,1.88,0.922,2.518,0,0.79,45.5,3.8939,12,13,0.57,1.221,0.523,0.657,2.28,205.3,18.563,15,14,0.74,1.065,0.311,0.293,1.65,17.964,17.964,8,7,1.81,0.66,0.725,0,3.16,349,12.96764,6,5
Cs2ZnPtBr6,Cs,Pt,Zn,Br,1.038351832,1.262289,1.88,0.922,2.518,0,0.79,45.5,3.8939,12,13,0.57,1.221,0.523,0.657,2.28,205.3,18.563,15,14,0.74,1.065,0.311,0.293,1.65,17.964,17.964,8,7,1.96,0.73,0.851,0.224,2.96,324.6,11.81381,9,8
Cs2SrBaCl6,Cs,Sr,Ba,Cl,0.848528137,4.929913,1.88,0.922,2.518,0,0.79,45.5,3.8939,12,13,1.18,1.836,0.685,0,0.95,5.03,11.03,10,9,1.35,2.06,0.869,0,0.89,13.95,10.004,13,12,1.81,0.66,0.725,0,3.16,349,12.96764,6,5
Cs2SrBaI6,Cs,Sr,Ba,I,0.832610582,3.630489,1.88,0.922,2.518,0,0.79,45.5,3.8939,12,13,1.18,1.836,0.685,0,0.95,5.03,11.03,10,9,1.35,2.06,0.869,0,0.89,13.95,10.004,13,12,2.2,0.876,1.044,0.406,2.66,295.2,10.45126,12,11
Cs2SrBaBr6,Cs,Sr,Ba,Br,0.8419504,4.204065,1.88,0.922,2.518,0,0.79,45.5,3.8939,12,13,1.18,1.836,0.685,0,0.95,5.03,11.03,10,9,1.35,2.06,0.869,0,0.89,13.95,10.004,13,12,1.96,0.73,0.851,0.224,2.96,324.6,11.81381,9,8
Cs2CaSrCl6,Cs,Sr,Ca,Cl,0.899732422,5.252909,1.88,0.922,2.518,0,0.79,45.5,3.8939,12,13,1.18,1.836,0.685,0,0.95,5.03,11.03,10,9,1,1.69,0.539,0,1,2.37,11.871,7,6,1.81,0.66,0.725,0,3.16,349,12.96764,6,5
Cs2CaSrI6,Cs,Sr,Ca,I,0.876898379,3.759088,1.88,0.922,2.518,0,0.79,45.5,3.8939,12,13,1.18,1.836,0.685,0,0.95,5.03,11.03,10,9,1,1.69,0.539,0,1,2.37,11.871,7,6,2.2,0.876,1.044,0.406,2.66,295.2,10.45126,12,11
Cs2CaSrBr6,Cs,Sr,Ca,Br,0.890259029,4.399875,1.88,0.922,2.518,0,0.79,45.5,3.8939,12,13,1.18,1.836,0.685,0,0.95,5.03,11.03,10,9,1,1.69,0.539,0,1,2.37,11.871,7,6,1.96,0.73,0.851,0.224,2.96,324.6,11.81381,9,8
Cs2SrCdCl6,Cs,Sr,Cd,Cl,0.85408315,4.17397,1.88,0.922,2.518,0,0.79,45.5,3.8939,12,13,1.18,1.836,0.685,0,0.95,5.03,11.03,10,9,1.31,0.184,0.445,0.508,1.69,0,8.9938,10,11,1.81,0.66,0.725,0,3.16,349,12.96764,6,5
Cs2SrCdI6,Cs,Sr,Cd,I,0.837444316,1.918492,1.88,0.922,2.518,0,0.79,45.5,3.8939,12,13,1.18,1.836,0.685,0,0.95,5.03,11.03,10,9,1.31,0.184,0.445,0.508,1.69,0,8.9938,10,11,2.2,0.876,1.044,0.406,2.66,295.2,10.45126,12,11
Cs2SrCdBr6,Cs,Sr,Cd,Br,0.847204381,3.062432,1.88,0.922,2.518,0,0.79,45.5,3.8939,12,13,1.18,1.836,0.685,0,0.95,5.03,11.03,10,9,1.31,0.184,0.445,0.508,1.69,0,8.9938,10,11,1.96,0.73,0.851,0.224,2.96,324.6,11.81381,9,8
Cs2FeSrCl6,Cs,Sr,Fe,Cl,0.935205743,0.622605,1.88,0.922,2.518,0,0.79,45.5,3.8939,12,13,1.18,1.836,0.685,0,0.95,5.03,11.03,10,9,0.78,1.227,0.373,0.365,1.83,15.7,16.18,8,7,1.81,0.66,0.725,0,3.16,349,12.96764,6,5
Cs2SrHgCl6,Cs,Sr,Hg,Cl,0.878526607,2.75994,1.88,0.922,2.518,0,0.79,45.5,3.8939,12,13,1.18,1.836,0.685,0,0.95,5.03,11.03,10,9,1.14,1.126,0.494,0.607,2,0,18.759,15,14,1.81,0.66,0.725,0,3.16,349,12.96764,6,5
Cs2SrHgI6,Cs,Sr,Hg,I,0.858629663,1.05118,1.88,0.922,2.518,0,0.79,45.5,3.8939,12,13,1.18,1.836,0.685,0,0.95,5.03,11.03,10,9,1.14,1.126,0.494,0.607,2,0,18.759,15,14,2.2,0.876,1.044,0.406,2.66,295.2,10.45126,12,11
Cs2SrHgBr6,Cs,Sr,Hg,Br,0.870285269,1.997393,1.88,0.922,2.518,0,0.79,45.5,3.8939,12,13,1.18,1.836,0.685,0,0.95,5.03,11.03,10,9,1.14,1.126,0.494,0.607,2,0,18.759,15,14,1.96,0.73,0.851,0.224,2.96,324.6,11.81381,9,8
Cs2GeSrCl6,Cs,Sr,Ge,Cl,0.943661491,3.725273,1.88,0.922,2.518,0,0.79,45.5,3.8939,12,13,1.18,1.836,0.685,0,0.95,5.03,11.03,10,9,0.73,0.886,1.09,0.261,2.01,119,15.934,9,8,1.81,0.66,0.725,0,3.16,349,12.96764,6,5
Cs2GeSrI6,Cs,Sr,Ge,I,0.91442018,2.696568,1.88,0.922,2.518,0,0.79,45.5,3.8939,12,13,1.18,1.836,0.685,0,0.95,5.03,11.03,10,9,0.73,0.886,1.09,0.261,2.01,119,15.934,9,8,2.2,0.876,1.044,0.406,2.66,295.2,10.45126,12,11
Cs2GeSrBr6,Cs,Sr,Ge,Br,0.931488864,3.195046,1.88,0.922,2.518,0,0.79,45.5,3.8939,12,13,1.18,1.836,0.685,0,0.95,5.03,11.03,10,9,0.73,0.886,1.09,0.261,2.01,119,15.934,9,8,1.96,0.73,0.851,0.224,2.96,324.6,11.81381,9,8
Cs2MgSrCl6,Cs,Sr,Mg,Cl,0.945371023,5.215115,1.88,0.922,2.518,0,0.79,45.5,3.8939,12,13,1.18,1.836,0.685,0,0.95,5.03,11.03,10,9,0.72,1.279,0.247,0,1.31,0,15.035,5,4,1.81,0.66,0.725,0,3.16,349,12.96764,6,5
Cs2MgSrI6,Cs,Sr,Mg,I,0.91587164,2.920109,1.88,0.922,2.518,0,0.79,45.5,3.8939,12,13,1.18,1.836,0.685,0,0.95,5.03,11.03,10,9,0.72,1.279,0.247,0,1.31,0,15.035,5,4,2.2,0.876,1.044,0.406,2.66,295.2,10.45126,12,11
Cs2MgSrBr6,Cs,Sr,Mg,Br,0.933089361,4.114328,1.88,0.922,2.518,0,0.79,45.5,3.8939,12,13,1.18,1.836,0.685,0,0.95,5.03,11.03,10,9,0.72,1.279,0.247,0,1.31,0,15.035,5,4,1.96,0.73,0.851,0.224,2.96,324.6,11.81381,9,8
Cs2SrPbCl6,Cs,Sr,Pb,Cl,0.87119333,4.275856,1.88,0.922,2.518,0,0.79,45.5,3.8939,12,13,1.18,1.836,0.685,0,0.95,5.03,11.03,10,9,1.19,1.01,1.09,0.562,1.87,35.1,15.028,16,15,1.81,0.66,0.725,0,3.16,349,12.96764,6,5
Cs2SrPbI6,Cs,Sr,Pb,I,0.852288233,3.146007,1.88,0.922,2.518,0,0.79,45.5,3.8939,12,13,1.18,1.836,0.685,0,0.95,5.03,11.03,10,9,1.19,1.01,1.09,0.562,1.87,35.1,15.028,16,15,2.2,0.876,1.044,0.406,2.66,295.2,10.45126,12,11
Cs2SrPbBr6,Cs,Sr,Pb,Br,0.863367262,3.706549,1.88,0.922,2.518,0,0.79,45.5,3.8939,12,13,1.18,1.836,0.685,0,0.95,5.03,11.03,10,9,1.19,1.01,1.09,0.562,1.87,35.1,15.028,16,15,1.96,0.73,0.851,0.224,2.96,324.6,11.81381,9,8
Cs2SrPtCl6,Cs,Sr,Pt,Cl,0.971778034,1.21662,1.88,0.922,2.518,0,0.79,45.5,3.8939,12,13,1.18,1.836,0.685,0,0.95,5.03,11.03,10,9,0.57,1.221,0.523,0.657,2.28,205.3,18.563,15,14,1.81,0.66,0.725,0,3.16,349,12.96764,6,5
Cs2ZnSrCl6,Cs,Sr,Zn,Cl,0.941958131,4.174126,1.88,0.922,2.518,0,0.79,45.5,3.8939,12,13,1.18,1.836,0.685,0,0.95,5.03,11.03,10,9,0.74,1.065,0.311,0.293,1.65,17.964,17.964,8,7,1.81,0.66,0.725,0,3.16,349,12.96764,6,5
Cs2ZnSrI6,Cs,Sr,Zn,I,0.912973312,1.590148,1.88,0.922,2.518,0,0.79,45.5,3.8939,12,13,1.18,1.836,0.685,0,0.95,5.03,11.03,10,9,0.74,1.065,0.311,0.293,1.65,17.964,17.964,8,7,2.2,0.876,1.044,0.406,2.66,295.2,10.45126,12,11
Cs2ZnSrBr6,Cs,Sr,Zn,Br,0.929893849,2.854413,1.88,0.922,2.518,0,0.79,45.5,3.8939,12,13,1.18,1.836,0.685,0,0.95,5.03,11.03,10,9,0.74,1.065,0.311,0.293,1.65,17.964,17.964,8,7,1.96,0.73,0.851,0.224,2.96,324.6,11.81381,9,8
Cs2TiHgCl6,Cs,Ti,Hg,Cl,0.928549474,0.440574,1.88,0.922,2.518,0,0.79,45.5,3.8939,12,13,0.86,1.477,0.468,0.489,1.54,7.6,13.58,8,7,1.14,1.126,0.494,0.607,2,0,18.759,15,14,1.81,0.66,0.725,0,3.16,349,12.96764,6,5
Cs2ZnBaCl6,Cs,Zn,Ba,Cl,0.913913843,4.483165,1.88,0.922,2.518,0,0.79,45.5,3.8939,12,13,0.74,1.065,0.311,0.293,1.65,17.964,17.964,8,7,1.35,2.06,0.869,0,0.89,13.95,10.004,13,12,1.81,0.66,0.725,0,3.16,349,12.96764,6,5
Cs2ZnBaI6,Cs,Zn,Ba,I,0.889058757,2.005607,1.88,0.922,2.518,0,0.79,45.5,3.8939,12,13,0.74,1.065,0.311,0.293,1.65,17.964,17.964,8,7,1.35,2.06,0.869,0,0.89,13.95,10.004,13,12,2.2,0.876,1.044,0.406,2.66,295.2,10.45126,12,11
Cs2ZnBaBr6,Cs,Zn,Ba,Br,0.903590695,3.24492,1.88,0.922,2.518,0,0.79,45.5,3.8939,12,13,0.74,1.065,0.311,0.293,1.65,17.964,17.964,8,7,1.35,2.06,0.869,0,0.89,13.95,10.004,13,12,1.96,0.73,0.851,0.224,2.96,324.6,11.81381,9,8
Cs2CaZnCl6,Cs,Zn,Ca,Cl,0.973591053,3.928986,1.88,0.922,2.518,0,0.79,45.5,3.8939,12,13,0.74,1.065,0.311,0.293,1.65,17.964,17.964,8,7,1,1.69,0.539,0,1,2.37,11.871,7,6,1.81,0.66,0.725,0,3.16,349,12.96764,6,5
Cs2CaZnI6,Cs,Zn,Ca,I,0.939738002,1.309455,1.88,0.922,2.518,0,0.79,45.5,3.8939,12,13,0.74,1.065,0.311,0.293,1.65,17.964,17.964,8,7,1,1.69,0.539,0,1,2.37,11.871,7,6,2.2,0.876,1.044,0.406,2.66,295.2,10.45126,12,11
Cs2CaZnBr6,Cs,Zn,Ca,Br,0.959466445,2.587727,1.88,0.922,2.518,0,0.79,45.5,3.8939,12,13,0.74,1.065,0.311,0.293,1.65,17.964,17.964,8,7,1,1.69,0.539,0,1,2.37,11.871,7,6,1.96,0.73,0.851,0.224,2.96,324.6,11.81381,9,8
Cs2ZnCdCl6,Cs,Zn,Cd,Cl,0.920361207,1.661122,1.88,0.922,2.518,0,0.79,45.5,3.8939,12,13,0.74,1.065,0.311,0.293,1.65,17.964,17.964,8,7,1.31,0.184,0.445,0.508,1.69,0,8.9938,10,11,1.81,0.66,0.725,0,3.16,349,12.96764,6,5
Cs2ZnGeCl6,Cs,Zn,Ge,Cl,1.025235372,1.807094,1.88,0.922,2.518,0,0.79,45.5,3.8939,12,13,0.74,1.065,0.311,0.293,1.65,17.964,17.964,8,7,0.73,0.886,1.09,0.261,2.01,119,15.934,9,8,1.81,0.66,0.725,0,3.16,349,12.96764,6,5
Cs2ZnGeI6,Cs,Zn,Ge,I,0.982962749,0.491754,1.88,0.922,2.518,0,0.79,45.5,3.8939,12,13,0.74,1.065,0.311,0.293,1.65,17.964,17.964,8,7,0.73,0.886,1.09,0.261,2.01,119,15.934,9,8,2.2,0.876,1.044,0.406,2.66,295.2,10.45126,12,11
Cs2ZnGeBr6,Cs,Zn,Ge,Br,1.007528772,1.134364,1.88,0.922,2.518,0,0.79,45.5,3.8939,12,13,0.74,1.065,0.311,0.293,1.65,17.964,17.964,8,7,0.73,0.886,1.09,0.261,2.01,119,15.934,9,8,1.96,0.73,0.851,0.224,2.96,324.6,11.81381,9,8
Cs2MgZnCl6,Cs,Zn,Mg,Cl,1.027253552,2.570597,1.88,0.922,2.518,0,0.79,45.5,3.8939,12,13,0.74,1.065,0.311,0.293,1.65,17.964,17.964,8,7,0.72,1.279,0.247,0,1.31,0,15.035,5,4,1.81,0.66,0.725,0,3.16,349,12.96764,6,5
Cs2MgZnBr6,Cs,Zn,Mg,Br,1.009401502,1.225266,1.88,0.922,2.518,0,0.79,45.5,3.8939,12,13,0.74,1.065,0.311,0.293,1.65,17.964,17.964,8,7,0.72,1.279,0.247,0,1.31,0,15.035,5,4,1.96,0.73,0.851,0.224,2.96,324.6,11.81381,9,8
Cs2ZnPbCl6,Cs,Zn,Pb,Cl,0.940260909,2.477975,1.88,0.922,2.518,0,0.79,45.5,3.8939,12,13,0.74,1.065,0.311,0.293,1.65,17.964,17.964,8,7,1.19,1.01,1.09,0.562,1.87,35.1,15.028,16,15,1.81,0.66,0.725,0,3.16,349,12.96764,6,5
Cs2ZnPbI6,Cs,Zn,Pb,I,0.911531017,0.94997,1.88,0.922,2.518,0,0.79,45.5,3.8939,12,13,0.74,1.065,0.311,0.293,1.65,17.964,17.964,8,7,1.19,1.01,1.09,0.562,1.87,35.1,15.028,16,15,2.2,0.876,1.044,0.406,2.66,295.2,10.45126,12,11
Cs2ZnPbBr6,Cs,Zn,Pb,Br,0.928304287,1.702139,1.88,0.922,2.518,0,0.79,45.5,3.8939,12,13,0.74,1.065,0.311,0.293,1.65,17.964,17.964,8,7,1.19,1.01,1.09,0.562,1.87,35.1,15.028,16,15,1.96,0.73,0.851,0.224,2.96,324.6,11.81381,9,8
Cs2ZnPtCl6,Cs,Zn,Pt,Cl,1.058508731,1.474434,1.88,0.922,2.518,0,0.79,45.5,3.8939,12,13,0.74,1.065,0.311,0.293,1.65,17.964,17.964,8,7,0.57,1.221,0.523,0.657,2.28,205.3,18.563,15,14,1.81,0.66,0.725,0,3.16,349,12.96764,6,5
Cs2ZnPtBr6,Cs,Zn,Pt,Br,1.038351832,1.262289,1.88,0.922,2.518,0,0.79,45.5,3.8939,12,13,0.74,1.065,0.311,0.293,1.65,17.964,17.964,8,7,0.57,1.221,0.523,0.657,2.28,205.3,18.563,15,14,1.96,0.73,0.851,0.224,2.96,324.6,11.81381,9,8
Cs2ZnSrCl6,Cs,Zn,Sr,Cl,0.941958131,4.174126,1.88,0.922,2.518,0,0.79,45.5,3.8939,12,13,0.74,1.065,0.311,0.293,1.65,17.964,17.964,8,7,1.18,1.836,0.685,0,0.95,5.03,11.03,10,9,1.81,0.66,0.725,0,3.16,349,12.96764,6,5
Cs2ZnSrI6,Cs,Zn,Sr,I,0.912973312,1.590148,1.88,0.922,2.518,0,0.79,45.5,3.8939,12,13,0.74,1.065,0.311,0.293,1.65,17.964,17.964,8,7,1.18,1.836,0.685,0,0.95,5.03,11.03,10,9,2.2,0.876,1.044,0.406,2.66,295.2,10.45126,12,11
Cs2ZnSrBr6,Cs,Zn,Sr,Br,0.929893849,2.854413,1.88,0.922,2.518,0,0.79,45.5,3.8939,12,13,0.74,1.065,0.311,0.293,1.65,17.964,17.964,8,7,1.18,1.836,0.685,0,0.95,5.03,11.03,10,9,1.96,0.73,0.851,0.224,2.96,324.6,11.81381,9,8
